========================================================================================================
Run Date/Time: 2026-10-08 11:31:13
Run Duration: 246.03 seconds (4.10 minutes)

INPUT CONSTANTS:
  NUM_BLOBS_THETA = 57
  NUM_LAYERS_Z = 303
  Z_HEIGHT = 100
  NUM_R_BINS = 87
  USE_EXPONENTIAL_DISK = True
  USE_CGM_MODEL = False
  GGM_GRID_SCALE = 2.0
  CGM_CENTRAL_DENSITY = 0.3

--- GLOBAL OPTIMIZATION RESULTS ---
  Best Global P: 40.7552 W
  DM Chi^2 Total: 549786.84
  DM Linear Total Error (Weighted): 24247.22
  DM Linear Total Error (Unweighted): 89927.73 km/s

--- MOND (Simple) PREDICTION ERRORS ---
  MOND Chi^2 Total: 169527.64
  MOND Linear Total Error (Weighted): 14371.40
  MOND Linear Total Error (Unweighted): 55492.88 km/s

--- GALAXY STATISTICAL BREAKDOWN ---
Column Legend:
  name: Galaxy identifier
  M_b: Total baryon mass [M_sun] (TL + HIMass, assuming Upsilon = 1)
  TL: Stellar luminosity-derived mass [M_sun]
  HIMass: Neutral Hydrogen mass from literature [M_sun]
  Total Gas Mass: Integrated gas disk mass from 3D density grid * 1.33 [M_sun]
  HIMass/Total Gas Mass: Ratio of tabular HI mass to integrated gas mass
  Total Gas Mass + TL mass: Combined integrated gas and stellar mass [M_sun]
  Total DM Mass: Integrated Dark Mass via theory formula [M_sun]
  Total DM Mass/M_b: Ratio of Dark Mass to Total Baryons
  Total DM Mass/Total Gas: Ratio of Dark Mass to Integrated Gas Mass

name             M_b (Msun)     TL (Msun)      HIMass (Msun)  Total Gas (Msun)   HI/TotGas    Gas+TL (Msun)    Total DM (Msun)  DM/M_b       DM/TotGas   
----------------------------------------------------------------------------------------------------------------------------------------------------------
CamB             8.7000e+07     7.5000e+07     1.2000e+07     8.6516e+06         1.3870       8.3652e+07       1.6589e+08       1.9068       19.1750     
D512-2           4.0600e+08     3.2500e+08     8.1000e+07     2.0780e+07         3.8980       3.4578e+08       6.5328e+08       1.6091       31.4379     
D564-8           6.2000e+07     3.3000e+07     2.9000e+07     1.2273e+07         2.3630       4.5273e+07       3.2902e+08       5.3067       26.8089     
D631-7           4.8600e+08     1.9600e+08     2.9000e+08     1.8668e+08         1.5535       3.8268e+08       3.2487e+09       6.6846       17.4028     
DDO064           3.6800e+08     1.5700e+08     2.1100e+08     1.1631e+08         1.8141       2.7331e+08       1.5730e+09       4.2744       13.5241     
DDO154           3.2800e+08     5.3000e+07     2.7500e+08     1.2576e+08         2.1867       1.7876e+08       2.0877e+09       6.3649       16.6009     
DDO161           1.9260e+09     5.4800e+08     1.3780e+09     9.2743e+08         1.4858       1.4754e+09       1.7043e+10       8.8491       18.3770     
DDO168           6.0400e+08     1.9100e+08     4.1300e+08     1.7512e+08         2.3584       3.6612e+08       2.5956e+09       4.2973       14.8219     
DDO170           1.2780e+09     5.4300e+08     7.3500e+08     6.5346e+08         1.1248       1.1965e+09       1.4722e+10       11.5195      22.5293     
ESO079-G014      5.4873e+10     5.1733e+10     3.1400e+09     1.7942e+09         1.7501       5.3527e+10       4.6748e+10       0.8519       26.0553     
ESO116-G012      5.3750e+09     4.2920e+09     1.0830e+09     7.9103e+08         1.3691       5.0830e+09       1.4393e+10       2.6777       18.1951     
ESO444-G084      2.0600e+08     7.1000e+07     1.3500e+08     1.0778e+08         1.2525       1.7878e+08       1.5404e+09       7.4778       14.2917     
ESO563-G021      3.3548e+11     3.1118e+11     2.4298e+10     1.0299e+10         2.3593       3.2148e+11       2.8053e+11       0.8362       27.2384     
F561-1           5.6990e+09     4.0770e+09     1.6220e+09     6.0612e+08         2.6760       4.6831e+09       1.3961e+10       2.4497       23.0334     
F563-1           5.1030e+09     1.9030e+09     3.2000e+09     1.7145e+09         1.8664       3.6175e+09       4.6538e+10       9.1197       27.1432     
F563-V1          2.1500e+09     1.5400e+09     6.1000e+08     2.4573e+08         2.4824       1.7857e+09       7.0386e+09       3.2738       28.6435     
F563-V2          5.1550e+09     2.9860e+09     2.1690e+09     1.0375e+09         2.0907       4.0235e+09       2.0038e+10       3.8872       19.3149     
F565-V2          1.2580e+09     5.5900e+08     6.9900e+08     4.7034e+08         1.4862       1.0293e+09       1.0456e+10       8.3114       22.2303     
F567-2           4.5830e+09     2.1340e+09     2.4490e+09     3.9785e+08         6.1556       2.5318e+09       1.0525e+10       2.2965       26.4549     
F568-1           1.0750e+10     6.2520e+09     4.4980e+09     2.3540e+09         1.9108       8.6060e+09       4.8647e+10       4.5253       20.6652     
F568-3           1.1541e+10     8.3460e+09     3.1950e+09     1.9773e+09         1.6158       1.0323e+10       5.1582e+10       4.4694       26.0867     
F568-V1          6.3160e+09     3.8250e+09     2.4910e+09     1.9714e+09         1.2636       5.7964e+09       4.5157e+10       7.1496       22.9065     
F571-8           1.1946e+10     1.0164e+10     1.7820e+09     1.7829e+08         9.9952       1.0342e+10       8.4718e+09       0.7092       47.5178     
F571-V1          3.0660e+09     1.8490e+09     1.2170e+09     9.0266e+08         1.3482       2.7517e+09       2.1048e+10       6.8648       23.3174     
F574-1           1.0061e+10     6.5370e+09     3.5240e+09     6.4921e+08         5.4281       7.1862e+09       1.9334e+10       1.9217       29.7807     
F574-2           4.5780e+09     2.8770e+09     1.7010e+09     6.2919e+08         2.7035       3.5062e+09       1.6474e+10       3.5985       26.1825     
F579-V1          1.4093e+10     1.1848e+10     2.2450e+09     1.2749e+09         1.7609       1.3123e+10       3.2244e+10       2.2880       25.2910     
F583-1           3.1120e+09     9.8600e+08     2.1260e+09     1.6542e+09         1.2852       2.6402e+09       3.6432e+10       11.7070      22.0237     
F583-4           2.3560e+09     1.7150e+09     6.4100e+08     1.0586e+08         6.0550       1.8209e+09       3.3480e+09       1.4210       31.6253     
IC2574           2.0520e+09     1.0160e+09     1.0360e+09     4.0907e+08         2.5326       1.4251e+09       1.1122e+10       5.4203       27.1894     
IC4202           1.9208e+11     1.7975e+11     1.2326e+10     5.6895e+09         2.1664       1.8544e+11       1.3240e+11       0.6893       23.2702     
KK98-251         2.0000e+08     8.5000e+07     1.1500e+08     7.3771e+07         1.5589       1.5877e+08       1.3228e+09       6.6138       17.9307     
NGC0024          4.5650e+09     3.8890e+09     6.7600e+08     4.5456e+08         1.4871       4.3436e+09       9.4600e+09       2.0723       20.8111     
NGC0055          6.1930e+09     4.6280e+09     1.5650e+09     1.3786e+09         1.1352       6.0066e+09       3.1169e+10       5.0329       22.6092     
NGC0100          5.2220e+09     3.2320e+09     1.9900e+09     2.6598e+08         7.4817       3.4980e+09       7.0879e+09       1.3573       26.6481     
NGC0247          9.0780e+09     7.3320e+09     1.7460e+09     1.1681e+09         1.4948       8.5001e+09       2.8721e+10       3.1638       24.5886     
NGC0289          9.9534e+10     7.2065e+10     2.7469e+10     1.9161e+10         1.4336       9.1226e+10       5.4494e+11       5.4749       28.4406     
NGC0300          3.8580e+09     2.9220e+09     9.3600e+08     4.7805e+08         1.9579       3.4001e+09       1.1207e+10       2.9048       23.4424     
NGC0801          3.3577e+11     3.1257e+11     2.3201e+10     2.0599e+10         1.1263       3.3317e+11       6.1021e+11       1.8174       29.6232     
NGC0891          1.4280e+11     1.3834e+11     4.4620e+09     2.3369e+09         1.9094       1.4068e+11       4.7712e+10       0.3341       20.4170     
NGC1003          1.2700e+10     6.8200e+09     5.8800e+09     2.4679e+09         2.3826       9.2879e+09       6.3504e+10       5.0003       25.7322     
NGC1090          8.0828e+10     7.2045e+10     8.7830e+09     5.2154e+09         1.6841       7.7260e+10       1.2919e+11       1.5983       24.7711     
NGC1705          6.7200e+08     5.3300e+08     1.3900e+08     1.0228e+08         1.3590       6.3528e+08       1.7644e+09       2.6255       17.2507     
NGC2366          8.8300e+08     2.3600e+08     6.4700e+08     3.0571e+08         2.1164       5.4171e+08       4.5369e+09       5.1381       14.8405     
NGC2403          1.3240e+10     1.0041e+10     3.1990e+09     2.7811e+09         1.1503       1.2822e+10       4.9809e+10       3.7620       17.9098     
NGC2683          8.1821e+10     8.0415e+10     1.4060e+09     9.7556e+08         1.4412       8.1391e+10       2.7688e+10       0.3384       28.3821     
NGC2841          1.9790e+11     1.8812e+11     9.7750e+09     2.1498e+10         0.4547       2.0962e+11       5.2152e+11       2.6353       24.2595     
NGC2903          8.4415e+10     8.1863e+10     2.5520e+09     1.9674e+09         1.2971       8.3830e+10       4.9317e+10       0.5842       25.0669     
NGC2915          1.1490e+09     6.4100e+08     5.0800e+08     2.6775e+08         1.8973       9.0875e+08       5.6634e+09       4.9289       21.1517     
NGC2955          3.4837e+11     3.1942e+11     2.8949e+10     1.7400e+10         1.6637       3.3682e+11       4.5215e+11       1.2979       25.9856     
NGC2976          3.5430e+09     3.3710e+09     1.7200e+08     1.3581e+08         1.2665       3.5068e+09       1.5552e+09       0.4390       11.4514     
NGC2998          1.7435e+11     1.5090e+11     2.3451e+10     1.3534e+10         1.7327       1.6444e+11       3.3828e+11       1.9402       24.9950     
NGC3109          6.7100e+08     1.9400e+08     4.7700e+08     1.6920e+08         2.8192       3.6320e+08       3.8762e+09       5.7767       22.9092     
NGC3198          4.9148e+10     3.8279e+10     1.0869e+10     7.2284e+09         1.5037       4.5507e+10       1.9505e+11       3.9686       26.9839     
NGC3521          8.8990e+10     8.4836e+10     4.1540e+09     2.5830e+09         1.6082       8.7419e+10       5.0138e+10       0.5634       19.4104     
NGC3726          7.6707e+10     7.0234e+10     6.4730e+09     4.7712e+09         1.3567       7.5005e+10       1.0967e+11       1.4297       22.9850     
NGC3741          2.1000e+08     2.8000e+07     1.8200e+08     9.9088e+07         1.8367       1.2709e+08       1.8041e+09       8.5909       18.2069     
NGC3769          2.4208e+10     1.8679e+10     5.5290e+09     3.4262e+09         1.6137       2.2105e+10       9.9131e+10       4.0950       28.9330     
NGC3877          7.4018e+10     7.2535e+10     1.4830e+09     7.2830e+08         2.0363       7.3263e+10       1.6848e+10       0.2276       23.1329     
NGC3893          6.4324e+10     5.8525e+10     5.7990e+09     3.0872e+09         1.8784       6.1612e+10       5.8275e+10       0.9060       18.8765     
NGC3917          2.3854e+10     2.1966e+10     1.8880e+09     1.0415e+09         1.8128       2.3008e+10       2.5702e+10       1.0775       24.6776     
NGC3949          4.1438e+10     3.8067e+10     3.3710e+09     1.0796e+09         3.1224       3.9147e+10       1.7569e+10       0.4240       16.2734     
NGC3953          1.4413e+11     1.4130e+11     2.8320e+09     1.3514e+09         2.0956       1.4265e+11       3.6994e+10       0.2567       27.3744     
NGC3972          1.5567e+10     1.4353e+10     1.2140e+09     5.4214e+08         2.2393       1.4895e+10       1.1325e+10       0.7275       20.8894     
NGC3992          2.4353e+11     2.2693e+11     1.6599e+10     7.7788e+09         2.1339       2.3471e+11       2.2736e+11       0.9336       29.2279     
NGC4010          2.0025e+10     1.7193e+10     2.8320e+09     8.7470e+08         3.2377       1.8068e+10       1.8151e+10       0.9064       20.7513     
NGC4013          8.2061e+10     7.9094e+10     2.9670e+09     1.8747e+09         1.5827       8.0969e+10       5.9206e+10       0.7215       31.5824     
NGC4051          9.7965e+10     9.5268e+10     2.6970e+09     1.2473e+09         2.1623       9.6515e+10       2.9409e+10       0.3002       23.5785     
NGC4068          3.9000e+08     2.3600e+08     1.5400e+08     6.9984e+07         2.2005       3.0598e+08       9.2862e+08       2.3811       13.2691     
NGC4085          2.3073e+10     2.1724e+10     1.3490e+09     2.8901e+08         4.6676       2.2013e+10       5.5436e+09       0.2403       19.1810     
NGC4088          1.1551e+11     1.0729e+11     8.2260e+09     4.5246e+09         1.8181       1.1181e+11       8.3198e+10       0.7203       18.3881     
NGC4100          6.2496e+10     5.9394e+10     3.1020e+09     1.9841e+09         1.5634       6.1378e+10       4.7772e+10       0.7644       24.0772     
NGC4138          4.5594e+10     4.4111e+10     1.4830e+09     8.1924e+08         1.8102       4.4930e+10       2.1743e+10       0.4769       26.5402     
NGC4157          1.1385e+11     1.0562e+11     8.2260e+09     5.0313e+09         1.6350       1.1065e+11       1.0202e+11       0.8961       20.2775     
NGC4183          1.4344e+10     1.0838e+10     3.5060e+09     2.2046e+09         1.5903       1.3043e+10       5.0516e+10       3.5217       22.9138     
NGC4214          1.6270e+09     1.1410e+09     4.8600e+08     9.0695e+07         5.3586       1.2317e+09       1.6522e+09       1.0155       18.2171     
NGC4217          8.7861e+10     8.5299e+10     2.5620e+09     1.3532e+09         1.8933       8.6652e+10       3.3295e+10       0.3789       24.6048     
NGC4389          2.1867e+10     2.1328e+10     5.3900e+08     1.9152e+08         2.8144       2.1520e+10       4.3363e+09       0.1983       22.6419     
NGC4559          2.5188e+10     1.9377e+10     5.8110e+09     3.6726e+09         1.5823       2.3050e+10       7.1493e+10       2.8384       19.4668     
NGC5005          1.8000e+11     1.7872e+11     1.2800e+09     2.9869e+09         0.4285       1.8171e+11       4.6685e+10       0.2594       15.6301     
NGC5033          1.2182e+11     1.1051e+11     1.1314e+10     7.6289e+09         1.4831       1.1814e+11       2.0461e+11       1.6796       26.8210     
NGC5055          1.6464e+11     1.5292e+11     1.1722e+10     7.7565e+09         1.5112       1.6068e+11       2.2356e+11       1.3579       28.8229     
NGC5371          3.5157e+11     3.4039e+11     1.1180e+10     7.5876e+09         1.4735       3.4798e+11       2.1962e+11       0.6247       28.9442     
NGC5585          4.6260e+09     2.9430e+09     1.6830e+09     8.1097e+08         2.0753       3.7540e+09       1.5801e+10       3.4158       19.4844     
NGC5907          1.9645e+11     1.7542e+11     2.1025e+10     1.4640e+10         1.4361       1.9007e+11       3.8445e+11       1.9570       26.2598     
NGC5985          2.2031e+11     2.0873e+11     1.1586e+10     5.2943e+09         2.1884       2.1402e+11       1.6579e+11       0.7525       31.3141     
NGC6015          3.7963e+10     3.2129e+10     5.8340e+09     4.0779e+09         1.4306       3.6207e+10       8.6501e+10       2.2786       21.2120     
NGC6195          4.1198e+11     3.9108e+11     2.0907e+10     1.2652e+10         1.6525       4.0373e+11       3.4093e+11       0.8275       26.9478     
NGC6503          1.4589e+10     1.2845e+10     1.7440e+09     1.2696e+09         1.3736       1.4115e+10       3.5433e+10       2.4287       27.9081     
NGC6674          2.4682e+11     2.1465e+11     3.2165e+10     1.2356e+10         2.6033       2.2701e+11       4.2828e+11       1.7352       34.6626     
NGC6789          1.1700e+08     1.0000e+08     1.7000e+07     8.6014e+06         1.9764       1.0860e+08       8.8118e+07       0.7531       10.2445     
NGC6946          7.1843e+10     6.6173e+10     5.6700e+09     2.1196e+09         2.6750       6.8293e+10       4.5626e+10       0.6351       21.5255     
NGC7331          2.6170e+11     2.5063e+11     1.1067e+10     7.6518e+09         1.4463       2.5828e+11       1.8059e+11       0.6901       23.6006     
NGC7793          7.9110e+09     7.0500e+09     8.6100e+08     6.1926e+08         1.3904       7.6693e+09       9.6047e+09       1.2141       15.5100     
NGC7814          7.5599e+10     7.4529e+10     1.0700e+09     6.6693e+08         1.6044       7.5196e+10       2.2786e+10       0.3014       34.1650     
PGC51017         3.5600e+08     1.5500e+08     2.0100e+08     5.8812e+07         3.4177       2.1381e+08       1.0329e+09       2.9013       17.5619     
UGC00128         1.9451e+10     1.2020e+10     7.4310e+09     5.9842e+09         1.2418       1.8004e+10       2.0588e+11       10.5847      34.4046     
UGC00191         3.3470e+09     2.0040e+09     1.3430e+09     9.4258e+08         1.4248       2.9466e+09       1.6526e+10       4.9375       17.5323     
UGC00634         6.6520e+09     2.9890e+09     3.6630e+09     2.1186e+09         1.7290       5.1076e+09       4.3843e+10       6.5909       20.6946     
UGC00731         2.1300e+09     3.2300e+08     1.8070e+09     9.6087e+08         1.8806       1.2839e+09       1.9438e+10       9.1259       20.2299     
UGC00891         8.0200e+08     3.7400e+08     4.2800e+08     2.8447e+08         1.5046       6.5847e+08       5.5831e+09       6.9615       19.6265     
UGC01230         1.4050e+10     7.6200e+09     6.4300e+09     5.4458e+09         1.1807       1.3066e+10       1.4447e+11       10.2826      26.5289     
UGC01281         6.4700e+08     3.5300e+08     2.9400e+08     1.4312e+08         2.0543       4.9612e+08       3.0132e+09       4.6573       21.0546     
UGC02023         1.7850e+09     1.3080e+09     4.7700e+08     1.0985e+08         4.3422       1.4179e+09       2.1152e+09       1.1850       19.2550     
UGC02259         2.2190e+09     1.7250e+09     4.9400e+08     4.0577e+08         1.2174       2.1308e+09       8.2378e+09       3.7124       20.3013     
UGC02455         4.4520e+09     3.6490e+09     8.0300e+08     2.4802e+08         3.2376       3.8970e+09       3.4533e+09       0.7757       13.9232     
UGC02487         5.0792e+11     4.8996e+11     1.7963e+10     1.1268e+10         1.5942       5.0122e+11       4.7239e+11       0.9300       41.9246     
UGC02885         4.4360e+11     4.0352e+11     4.0075e+10     3.6428e+10         1.1001       4.3995e+11       1.0972e+12       2.4734       30.1204     
UGC02916         1.4743e+11     1.2415e+11     2.3273e+10     1.5576e+10         1.4942       1.3973e+11       3.3271e+11       2.2568       21.3609     
UGC02953         2.6720e+11     2.5952e+11     7.6780e+09     5.0440e+09         1.5222       2.6456e+11       1.8816e+11       0.7042       37.3040     
UGC03205         1.2332e+11     1.1364e+11     9.6770e+09     6.8645e+09         1.4097       1.2051e+11       1.6298e+11       1.3216       23.7426     
UGC03546         1.0401e+11     1.0134e+11     2.6750e+09     1.8653e+09         1.4341       1.0320e+11       5.8158e+10       0.5592       31.1791     
UGC03580         1.7636e+10     1.3266e+10     4.3700e+09     2.9259e+09         1.4936       1.6192e+10       6.9612e+10       3.9471       23.7918     
UGC04278         2.4230e+09     1.3070e+09     1.1160e+09     3.9827e+08         2.8021       1.7053e+09       7.7618e+09       3.2034       19.4889     
UGC04305         1.4260e+09     7.3600e+08     6.9000e+08     2.6873e+08         2.5677       1.0047e+09       4.5627e+09       3.1997       16.9791     
UGC04325         2.7040e+09     2.0260e+09     6.7800e+08     3.5199e+08         1.9262       2.3780e+09       6.0939e+09       2.2537       17.3127     
UGC04483         4.5000e+07     1.3000e+07     3.2000e+07     1.3910e+07         2.3005       2.6910e+07       1.5353e+08       3.4118       11.0376     
UGC04499         2.6520e+09     1.5520e+09     1.1000e+09     6.2359e+08         1.7640       2.1756e+09       1.1295e+10       4.2590       18.1127     
UGC05005         7.1930e+09     4.1000e+09     3.0930e+09     3.6334e+09         0.8513       7.7334e+09       9.5856e+10       13.3262      26.3815     
UGC05253         1.8798e+11     1.7158e+11     1.6396e+10     8.8856e+09         1.8452       1.8047e+11       3.1098e+11       1.6543       34.9978     
UGC05414         1.6970e+09     1.1230e+09     5.7400e+08     1.7350e+08         3.3083       1.2965e+09       2.9461e+09       1.7361       16.9802     
UGC05716         1.6820e+09     5.8800e+08     1.0940e+09     7.3677e+08         1.4849       1.3248e+09       1.4805e+10       8.8022       20.0947     
UGC05721         1.0930e+09     5.3100e+08     5.6200e+08     3.0571e+08         1.8384       8.3671e+08       4.3393e+09       3.9701       14.1943     
UGC05750         4.4350e+09     3.3360e+09     1.0990e+09     3.2837e+09         0.3347       6.6197e+09       8.0369e+10       18.1214      24.4752     
UGC05764         2.4800e+08     8.5000e+07     1.6300e+08     1.0825e+08         1.5058       1.9325e+08       1.8197e+09       7.3373       16.8099     
UGC05829         1.5870e+09     5.6400e+08     1.0230e+09     5.2530e+08         1.9475       1.0893e+09       9.4184e+09       5.9347       17.9296     
UGC05918         5.3000e+08     2.3300e+08     2.9700e+08     7.6046e+07         3.9055       3.0905e+08       1.8718e+09       3.5317       24.6137     
UGC05986         7.3620e+09     4.6950e+09     2.6670e+09     5.1090e+08         5.2202       5.2059e+09       1.0691e+10       1.4522       20.9262     
UGC05999         5.4060e+09     3.3840e+09     2.0220e+09     2.5801e+09         0.7837       5.9641e+09       5.3555e+10       9.9066       20.7566     
UGC06399         2.9700e+09     2.2960e+09     6.7400e+08     3.6869e+08         1.8281       2.6647e+09       8.1155e+09       2.7325       22.0115     
UGC06446         2.3670e+09     9.8800e+08     1.3790e+09     8.1279e+08         1.6966       1.8008e+09       1.5001e+10       6.3374       18.4556     
UGC06614         1.4624e+11     1.2435e+11     2.1888e+10     1.9219e+10         1.1389       1.4357e+11       5.5844e+11       3.8187       29.0568     
UGC06628         5.2390e+09     3.7390e+09     1.5000e+09     5.1928e+08         2.8886       4.2583e+09       1.0913e+10       2.0831       21.0165     
UGC06667         2.2060e+09     1.3970e+09     8.0900e+08     3.4648e+08         2.3349       1.7435e+09       9.2532e+09       4.1946       26.7063     
UGC06786         7.8437e+10     7.3407e+10     5.0300e+09     2.5910e+09         1.9413       7.5998e+10       7.8849e+10       1.0052       30.4314     
UGC06787         1.0329e+11     9.8256e+10     5.0300e+09     3.2522e+09         1.5466       1.0151e+11       1.1382e+11       1.1020       34.9971     
UGC06818         2.6670e+09     1.5880e+09     1.0790e+09     2.0980e+08         5.1430       1.7978e+09       4.7762e+09       1.7908       22.7653     
UGC06917         8.8550e+09     6.8320e+09     2.0230e+09     8.8301e+08         2.2910       7.7150e+09       1.8942e+10       2.1391       21.4515     
UGC06923         3.6990e+09     2.8900e+09     8.0900e+08     3.5787e+08         2.2606       3.2479e+09       5.5742e+09       1.5069       15.5759     
UGC06930         1.2169e+10     8.9320e+09     3.2370e+09     1.9797e+09         1.6351       1.0912e+10       4.5559e+10       3.7439       23.0134     
UGC06973         5.5623e+10     5.3870e+10     1.7530e+09     5.5413e+08         3.1635       5.4424e+10       8.9678e+09       0.1612       16.1837     
UGC06983         8.2650e+09     5.2980e+09     2.9670e+09     1.7639e+09         1.6821       7.0619e+09       3.9329e+10       4.7585       22.2969     
UGC07089         4.7990e+09     3.5850e+09     1.2140e+09     4.1736e+08         2.9087       4.0024e+09       9.8539e+09       2.0533       23.6099     
UGC07125         7.3410e+09     2.7120e+09     4.6290e+09     1.7701e+09         2.6151       4.4821e+09       4.3653e+10       5.9464       24.6609     
UGC07151         2.9000e+09     2.2840e+09     6.1600e+08     2.9692e+08         2.0746       2.5809e+09       4.9910e+09       1.7210       16.8093     
UGC07232         1.5900e+08     1.1300e+08     4.6000e+07     1.0961e+07         4.1966       1.2396e+08       1.1556e+08       0.7268       10.5429     
UGC07261         3.1410e+09     1.7530e+09     1.3880e+09     3.8930e+08         3.5653       2.1423e+09       6.8430e+09       2.1786       17.5776     
UGC07323         4.8310e+09     4.1090e+09     7.2200e+08     3.0332e+08         2.3804       4.4123e+09       6.0030e+09       1.2426       19.7911     
UGC07399         1.9010e+09     1.1560e+09     7.4500e+08     2.9344e+08         2.5389       1.4494e+09       5.5341e+09       2.9112       18.8597     
UGC07524         4.2150e+09     2.4360e+09     1.7790e+09     7.5714e+08         2.3496       3.1931e+09       1.7960e+10       4.2611       23.7214     
UGC07559         2.7800e+08     1.0900e+08     1.6900e+08     4.8779e+07         3.4646       1.5778e+08       7.6692e+08       2.7587       15.7223     
UGC07577         8.9000e+07     4.5000e+07     4.4000e+07     9.7501e+06         4.5128       5.4750e+07       2.1862e+08       2.4564       22.4221     
UGC07603         6.3400e+08     3.7600e+08     2.5800e+08     9.4064e+07         2.7428       4.7006e+08       1.5293e+09       2.4122       16.2585     
UGC07608         7.9900e+08     2.6400e+08     5.3500e+08     1.9101e+08         2.8009       4.5501e+08       3.5569e+09       4.4516       18.6213     
UGC07690         1.2480e+09     8.5800e+08     3.9000e+08     1.6099e+08         2.4226       1.0190e+09       2.2689e+09       1.8180       14.0938     
UGC07866         2.4200e+08     1.2400e+08     1.1800e+08     3.4689e+07         3.4016       1.5869e+08       5.8129e+08       2.4020       16.7569     
UGC08286         1.8970e+09     1.2550e+09     6.4200e+08     3.7299e+08         1.7212       1.6280e+09       7.1138e+09       3.7500       19.0724     
UGC08490         1.7370e+09     1.0170e+09     7.2000e+08     4.1899e+08         1.7184       1.4360e+09       7.5337e+09       4.3372       17.9807     
UGC08550         5.7700e+08     2.8900e+08     2.8800e+08     1.6893e+08         1.7048       4.5793e+08       2.7248e+09       4.7223       16.1295     
UGC08699         5.4040e+10     5.0302e+10     3.7380e+09     2.6269e+09         1.4230       5.2929e+10       6.5933e+10       1.2201       25.0992     
UGC08837         8.2100e+08     5.0100e+08     3.2000e+08     1.5125e+08         2.1157       6.5225e+08       2.8727e+09       3.4991       18.9937     
UGC09037         8.7692e+10     6.8614e+10     1.9078e+10     8.4629e+09         2.2543       7.7077e+10       1.7265e+11       1.9688       20.4009     
UGC09133         3.1635e+11     2.8293e+11     3.3428e+10     2.3678e+10         1.4117       3.0660e+11       8.9238e+11       2.8208       37.6876     
UGC09992         6.5400e+08     3.3600e+08     3.1800e+08     9.6912e+07         3.2813       4.3291e+08       1.7752e+09       2.7144       18.3179     
UGC10310         2.9370e+09     1.7410e+09     1.1960e+09     5.2827e+08         2.2640       2.2693e+09       9.8973e+09       3.3699       18.7352     
UGC11455         3.8766e+11     3.7432e+11     1.3335e+10     7.3945e+09         1.8034       3.8172e+11       2.1540e+11       0.5556       29.1301     
UGC11557         1.4706e+10     1.2101e+10     2.6050e+09     8.4265e+08         3.0915       1.2944e+10       1.7896e+10       1.2170       21.2384     
UGC11820         2.9470e+09     9.7000e+08     1.9770e+09     1.6284e+09         1.2141       2.5984e+09       3.3941e+10       11.5172      20.8435     
UGC11914         1.5092e+11     1.5003e+11     8.8800e+08     5.8438e+08         1.5195       1.5061e+11       1.3045e+10       0.0864       22.3234     
UGC12506         1.7513e+11     1.3957e+11     3.5556e+10     1.9723e+10         1.8028       1.5929e+11       5.0930e+11       2.9082       25.8232     
UGC12632         3.0450e+09     1.3010e+09     1.7440e+09     6.7170e+08         2.5964       1.9727e+09       1.5383e+10       5.0520       22.9021     
UGC12732         5.3270e+09     1.6670e+09     3.6600e+09     1.7255e+09         2.1212       3.3925e+09       3.5614e+10       6.6856       20.6404     
UGCA281          2.5600e+08     1.9400e+08     6.2000e+07     8.5077e+06         7.2875       2.0251e+08       1.6553e+08       0.6466       19.4562     
UGCA442          4.0300e+08     1.4000e+08     2.6300e+08     1.8887e+08         1.3925       3.2887e+08       3.1918e+09       7.9200       16.8989     
UGCA444          7.9000e+07     1.2000e+07     6.7000e+07     4.3452e+07         1.5419       5.5452e+07       7.0220e+08       8.8887       16.1605     
========================================================================================================

========================================================================================================
Run Date/Time: 2026-10-08 11:41:40
Run Duration: 241.30 seconds (4.02 minutes)

INPUT CONSTANTS:
  NUM_BLOBS_THETA = 57
  NUM_LAYERS_Z = 303
  Z_HEIGHT = 100
  NUM_R_BINS = 87
  USE_EXPONENTIAL_DISK = False
  USE_CGM_MODEL = False
  GGM_GRID_SCALE = 2.0
  CGM_CENTRAL_DENSITY = 0.3

--- GLOBAL OPTIMIZATION RESULTS ---
  Best Global P: 37.4505 W
  DM Chi^2 Total: 571637.05
  DM Linear Total Error (Weighted): 24848.93
  DM Linear Total Error (Unweighted): 92518.05 km/s

--- MOND (Simple) PREDICTION ERRORS ---
  MOND Chi^2 Total: 169527.64
  MOND Linear Total Error (Weighted): 14371.40
  MOND Linear Total Error (Unweighted): 55492.88 km/s

--- GALAXY STATISTICAL BREAKDOWN ---
Column Legend:
  name: Galaxy identifier
  M_b: Total baryon mass [M_sun] (TL + HIMass, assuming Upsilon = 1)
  TL: Stellar luminosity-derived mass [M_sun]
  HIMass: Neutral Hydrogen mass from literature [M_sun]
  Total Gas Mass: Integrated gas disk mass from 3D density grid * 1.33 [M_sun]
  HIMass/Total Gas Mass: Ratio of tabular HI mass to integrated gas mass
  Total Gas Mass + TL mass: Combined integrated gas and stellar mass [M_sun]
  Total DM Mass: Integrated Dark Mass via theory formula [M_sun]
  Total DM Mass/M_b: Ratio of Dark Mass to Total Baryons
  Total DM Mass/Total Gas: Ratio of Dark Mass to Integrated Gas Mass

name             M_b (Msun)     TL (Msun)      HIMass (Msun)  Total Gas (Msun)   HI/TotGas    Gas+TL (Msun)    Total DM (Msun)  DM/M_b       DM/TotGas   
----------------------------------------------------------------------------------------------------------------------------------------------------------
CamB             8.7000e+07     7.5000e+07     1.2000e+07     1.6587e+07         0.7235       9.1587e+07       1.5770e+08       1.8127       9.5078      
D512-2           4.0600e+08     3.2500e+08     8.1000e+07     3.9839e+07         2.0332       3.6484e+08       6.2102e+08       1.5296       15.5882     
D564-8           6.2000e+07     3.3000e+07     2.9000e+07     2.3529e+07         1.2325       5.6529e+07       3.1277e+08       5.0447       13.2930     
D631-7           4.8600e+08     1.9600e+08     2.9000e+08     3.5790e+08         0.8103       5.5390e+08       3.0883e+09       6.3546       8.6290      
DDO064           3.6800e+08     1.5700e+08     2.1100e+08     2.2299e+08         0.9462       3.7999e+08       1.4953e+09       4.0634       6.7058      
DDO154           3.2800e+08     5.3000e+07     2.7500e+08     2.4110e+08         1.1406       2.9410e+08       1.9846e+09       6.0506       8.2314      
DDO161           1.9260e+09     5.4800e+08     1.3780e+09     1.7781e+09         0.7750       2.3261e+09       1.6202e+10       8.4122       9.1121      
DDO168           6.0400e+08     1.9100e+08     4.1300e+08     3.3573e+08         1.2301       5.2673e+08       2.4674e+09       4.0851       7.3493      
DDO170           1.2780e+09     5.4300e+08     7.3500e+08     1.2528e+09         0.5867       1.7958e+09       1.3995e+10       10.9507      11.1709     
ESO079-G014      5.4873e+10     5.1733e+10     3.1400e+09     3.4398e+09         0.9129       5.5173e+10       4.4439e+10       0.8099       12.9193     
ESO116-G012      5.3750e+09     4.2920e+09     1.0830e+09     1.5165e+09         0.7141       5.8085e+09       1.3682e+10       2.5455       9.0219      
ESO444-G084      2.0600e+08     7.1000e+07     1.3500e+08     2.0664e+08         0.6533       2.7764e+08       1.4644e+09       7.1085       7.0864      
ESO563-G021      3.3548e+11     3.1118e+11     2.4298e+10     1.9745e+10         1.2306       3.3092e+11       2.6668e+11       0.7949       13.5059     
F561-1           5.6990e+09     4.0770e+09     1.6220e+09     1.1621e+09         1.3958       5.2391e+09       1.3272e+10       2.3288       11.4209     
F563-1           5.1030e+09     1.9030e+09     3.2000e+09     3.2871e+09         0.9735       5.1901e+09       4.4240e+10       8.6694       13.4587     
F563-V1          2.1500e+09     1.5400e+09     6.1000e+08     4.7112e+08         1.2948       2.0111e+09       6.6911e+09       3.1121       14.2026     
F563-V2          5.1550e+09     2.9860e+09     2.1690e+09     1.9890e+09         1.0905       4.9750e+09       1.9049e+10       3.6953       9.5771      
F565-V2          1.2580e+09     5.5900e+08     6.9900e+08     9.0172e+08         0.7752       1.4607e+09       9.9394e+09       7.9010       11.0227     
F567-2           4.5830e+09     2.1340e+09     2.4490e+09     7.6275e+08         3.2107       2.8968e+09       1.0005e+10       2.1832       13.1174     
F568-1           1.0750e+10     6.2520e+09     4.4980e+09     4.5131e+09         0.9966       1.0765e+10       4.6245e+10       4.3018       10.2467     
F568-3           1.1541e+10     8.3460e+09     3.1950e+09     3.7909e+09         0.8428       1.2137e+10       4.9035e+10       4.2487       12.9349     
F568-V1          6.3160e+09     3.8250e+09     2.4910e+09     3.7795e+09         0.6591       7.6045e+09       4.2927e+10       6.7966       11.3580     
F571-8           1.1946e+10     1.0164e+10     1.7820e+09     3.4181e+08         5.2134       1.0506e+10       8.0535e+09       0.6742       23.5613     
F571-V1          3.0660e+09     1.8490e+09     1.2170e+09     1.7306e+09         0.7032       3.5796e+09       2.0008e+10       6.5259       11.5618     
F574-1           1.0061e+10     6.5370e+09     3.5240e+09     1.2447e+09         2.8313       7.7817e+09       1.8379e+10       1.8268       14.7665     
F574-2           4.5780e+09     2.8770e+09     1.7010e+09     1.2063e+09         1.4101       4.0833e+09       1.5660e+10       3.4208       12.9824     
F579-V1          1.4093e+10     1.1848e+10     2.2450e+09     2.4443e+09         0.9185       1.4292e+10       3.0652e+10       2.1750       12.5403     
F583-1           3.1120e+09     9.8600e+08     2.1260e+09     3.1715e+09         0.6704       4.1575e+09       3.4633e+10       11.1289      10.9203     
F583-4           2.3560e+09     1.7150e+09     6.4100e+08     2.0296e+08         3.1582       1.9180e+09       3.1827e+09       1.3509       15.6811     
IC2574           2.0520e+09     1.0160e+09     1.0360e+09     7.8427e+08         1.3210       1.8003e+09       1.0573e+10       5.1526       13.4816     
IC4202           1.9208e+11     1.7975e+11     1.2326e+10     1.0908e+10         1.1300       1.9066e+11       1.2586e+11       0.6553       11.5383     
KK98-251         2.0000e+08     8.5000e+07     1.1500e+08     1.4143e+08         0.8131       2.2643e+08       1.2575e+09       6.2873       8.8908      
NGC0024          4.5650e+09     3.8890e+09     6.7600e+08     8.7149e+08         0.7757       4.7605e+09       8.9929e+09       1.9700       10.3190     
NGC0055          6.1930e+09     4.6280e+09     1.5650e+09     2.6430e+09         0.5921       7.2710e+09       2.9630e+10       4.7844       11.2106     
NGC0100          5.2220e+09     3.2320e+09     1.9900e+09     5.0994e+08         3.9025       3.7419e+09       6.7379e+09       1.2903       13.2132     
NGC0247          9.0780e+09     7.3320e+09     1.7460e+09     2.2394e+09         0.7797       9.5714e+09       2.7303e+10       3.0076       12.1921     
NGC0289          9.9534e+10     7.2065e+10     2.7469e+10     3.6735e+10         0.7478       1.0880e+11       5.1803e+11       5.2046       14.1020     
NGC0300          3.8580e+09     2.9220e+09     9.3600e+08     9.1652e+08         1.0213       3.8385e+09       1.0653e+10       2.7614       11.6237     
NGC0801          3.3577e+11     3.1257e+11     2.3201e+10     3.9493e+10         0.5875       3.5206e+11       5.8008e+11       1.7276       14.6884     
NGC0891          1.4280e+11     1.3834e+11     4.4620e+09     4.4802e+09         0.9959       1.4282e+11       4.5356e+10       0.3176       10.1236     
NGC1003          1.2700e+10     6.8200e+09     5.8800e+09     4.7314e+09         1.2428       1.1551e+10       6.0368e+10       4.7534       12.7591     
NGC1090          8.0828e+10     7.2045e+10     8.7830e+09     9.9989e+09         0.8784       8.2044e+10       1.2281e+11       1.5194       12.2825     
NGC1705          6.7200e+08     5.3300e+08     1.3900e+08     1.9609e+08         0.7089       7.2909e+08       1.6772e+09       2.4959       8.5536      
NGC2366          8.8300e+08     2.3600e+08     6.4700e+08     5.8611e+08         1.1039       8.2211e+08       4.3129e+09       4.8844       7.3585      
NGC2403          1.3240e+10     1.0041e+10     3.1990e+09     5.3319e+09         0.6000       1.5373e+10       4.7350e+10       3.5763       8.8804      
NGC2683          8.1821e+10     8.0415e+10     1.4060e+09     1.8703e+09         0.7517       8.2285e+10       2.6321e+10       0.3217       14.0730     
NGC2841          1.9790e+11     1.8812e+11     9.7750e+09     4.1215e+10         0.2372       2.2934e+11       4.9577e+11       2.5052       12.0289     
NGC2903          8.4415e+10     8.1863e+10     2.5520e+09     3.7719e+09         0.6766       8.5635e+10       4.6882e+10       0.5554       12.4292     
NGC2915          1.1490e+09     6.4100e+08     5.0800e+08     5.1333e+08         0.9896       1.1543e+09       5.3837e+09       4.6856       10.4879     
NGC2955          3.4837e+11     3.1942e+11     2.8949e+10     3.3359e+10         0.8678       3.5278e+11       4.2983e+11       1.2338       12.8847     
NGC2976          3.5430e+09     3.3710e+09     1.7200e+08     2.6037e+08         0.6606       3.6314e+09       1.4784e+09       0.4173       5.6781      
NGC2998          1.7435e+11     1.5090e+11     2.3451e+10     2.5947e+10         0.9038       1.7685e+11       3.2158e+11       1.8444       12.3936     
NGC3109          6.7100e+08     1.9400e+08     4.7700e+08     3.2439e+08         1.4705       5.1839e+08       3.6848e+09       5.4915       11.3593     
NGC3198          4.9148e+10     3.8279e+10     1.0869e+10     1.3858e+10         0.7843       5.2137e+10       1.8542e+11       3.7727       13.3797     
NGC3521          8.8990e+10     8.4836e+10     4.1540e+09     4.9522e+09         0.8388       8.9788e+10       4.7662e+10       0.5356       9.6245      
NGC3726          7.6707e+10     7.0234e+10     6.4730e+09     9.1474e+09         0.7076       7.9381e+10       1.0425e+11       1.3591       11.3969     
NGC3741          2.1000e+08     2.8000e+07     1.8200e+08     1.8997e+08         0.9580       2.1797e+08       1.7150e+09       8.1667       9.0278      
NGC3769          2.4208e+10     1.8679e+10     5.5290e+09     6.5687e+09         0.8417       2.5248e+10       9.4236e+10       3.8928       14.3462     
NGC3877          7.4018e+10     7.2535e+10     1.4830e+09     1.3963e+09         1.0621       7.3931e+10       1.6016e+10       0.2164       11.4702     
NGC3893          6.4324e+10     5.8525e+10     5.7990e+09     5.9187e+09         0.9798       6.4444e+10       5.5398e+10       0.8612       9.3598      
NGC3917          2.3854e+10     2.1966e+10     1.8880e+09     1.9968e+09         0.9455       2.3963e+10       2.4433e+10       1.0243       12.2362     
NGC3949          4.1438e+10     3.8067e+10     3.3710e+09     2.0699e+09         1.6286       4.0137e+10       1.6702e+10       0.4031       8.0690      
NGC3953          1.4413e+11     1.4130e+11     2.8320e+09     2.5909e+09         1.0930       1.4389e+11       3.5168e+10       0.2440       13.5734     
NGC3972          1.5567e+10     1.4353e+10     1.2140e+09     1.0394e+09         1.1680       1.5392e+10       1.0766e+10       0.6916       10.3578     
NGC3992          2.4353e+11     2.2693e+11     1.6599e+10     1.4913e+10         1.1130       2.4185e+11       2.1613e+11       0.8875       14.4924     
NGC4010          2.0025e+10     1.7193e+10     2.8320e+09     1.6770e+09         1.6888       1.8870e+10       1.7255e+10       0.8617       10.2894     
NGC4013          8.2061e+10     7.9094e+10     2.9670e+09     3.5941e+09         0.8255       8.2688e+10       5.6283e+10       0.6859       15.6599     
NGC4051          9.7965e+10     9.5268e+10     2.6970e+09     2.3913e+09         1.1279       9.7659e+10       2.7957e+10       0.2854       11.6912     
NGC4068          3.9000e+08     2.3600e+08     1.5400e+08     1.3417e+08         1.1478       3.7017e+08       8.8276e+08       2.2635       6.5794      
NGC4085          2.3073e+10     2.1724e+10     1.3490e+09     5.5410e+08         2.4346       2.2278e+10       5.2699e+09       0.2284       9.5107      
NGC4088          1.1551e+11     1.0729e+11     8.2260e+09     8.6744e+09         0.9483       1.1596e+11       7.9090e+10       0.6847       9.1176      
NGC4100          6.2496e+10     5.9394e+10     3.1020e+09     3.8039e+09         0.8155       6.3198e+10       4.5413e+10       0.7267       11.9385     
NGC4138          4.5594e+10     4.4111e+10     1.4830e+09     1.5706e+09         0.9442       4.5682e+10       2.0669e+10       0.4533       13.1597     
NGC4157          1.1385e+11     1.0562e+11     8.2260e+09     9.6459e+09         0.8528       1.1527e+11       9.6984e+10       0.8519       10.0544     
NGC4183          1.4344e+10     1.0838e+10     3.5060e+09     4.2267e+09         0.8295       1.5065e+10       4.8022e+10       3.3479       11.3616     
NGC4214          1.6270e+09     1.1410e+09     4.8600e+08     1.7388e+08         2.7950       1.3149e+09       1.5706e+09       0.9654       9.0328      
NGC4217          8.7861e+10     8.5299e+10     2.5620e+09     2.5943e+09         0.9876       8.7893e+10       3.1651e+10       0.3602       12.2001     
NGC4389          2.1867e+10     2.1328e+10     5.3900e+08     3.6717e+08         1.4680       2.1695e+10       4.1222e+09       0.1885       11.2268     
NGC4559          2.5188e+10     1.9377e+10     5.8110e+09     7.0410e+09         0.8253       2.6418e+10       6.7963e+10       2.6982       9.6525      
NGC5005          1.8000e+11     1.7872e+11     1.2800e+09     5.7264e+09         0.2235       1.8445e+11       4.4380e+10       0.2466       7.7500      
NGC5033          1.2182e+11     1.1051e+11     1.1314e+10     1.4626e+10         0.7736       1.2513e+11       1.9451e+11       1.5967       13.2989     
NGC5055          1.6464e+11     1.5292e+11     1.1722e+10     1.4871e+10         0.7883       1.6779e+11       2.1253e+11       1.2908       14.2916     
NGC5371          3.5157e+11     3.4039e+11     1.1180e+10     1.4547e+10         0.7686       3.5494e+11       2.0877e+11       0.5938       14.3518     
NGC5585          4.6260e+09     2.9430e+09     1.6830e+09     1.5548e+09         1.0825       4.4978e+09       1.5021e+10       3.2471       9.6612      
NGC5907          1.9645e+11     1.7542e+11     2.1025e+10     2.8068e+10         0.7491       2.0349e+11       3.6547e+11       1.8604       13.0207     
NGC5985          2.2031e+11     2.0873e+11     1.1586e+10     1.0150e+10         1.1415       2.1888e+11       1.5760e+11       0.7153       15.5268     
NGC6015          3.7963e+10     3.2129e+10     5.8340e+09     7.8182e+09         0.7462       3.9947e+10       8.2230e+10       2.1660       10.5178     
NGC6195          4.1198e+11     3.9108e+11     2.0907e+10     2.4256e+10         0.8619       4.1533e+11       3.2410e+11       0.7867       13.3618     
NGC6503          1.4589e+10     1.2845e+10     1.7440e+09     2.4341e+09         0.7165       1.5279e+10       3.3683e+10       2.3088       13.8380     
NGC6674          2.4682e+11     2.1465e+11     3.2165e+10     2.3688e+10         1.3579       2.3834e+11       4.0713e+11       1.6495       17.1871     
NGC6789          1.1700e+08     1.0000e+08     1.7000e+07     1.6491e+07         1.0309       1.1649e+08       8.3767e+07       0.7160       5.0797      
NGC6946          7.1843e+10     6.6173e+10     5.6700e+09     4.0637e+09         1.3953       7.0237e+10       4.3373e+10       0.6037       10.6732     
NGC7331          2.6170e+11     2.5063e+11     1.1067e+10     1.4670e+10         0.7544       2.6530e+11       1.7167e+11       0.6560       11.7021     
NGC7793          7.9110e+09     7.0500e+09     8.6100e+08     1.1872e+09         0.7252       8.2372e+09       9.1305e+09       1.1542       7.6905      
NGC7814          7.5599e+10     7.4529e+10     1.0700e+09     1.2786e+09         0.8368       7.5808e+10       2.1661e+10       0.2865       16.9404     
PGC51017         3.5600e+08     1.5500e+08     2.0100e+08     1.1275e+08         1.7826       2.6775e+08       9.8185e+08       2.7580       8.7079      
UGC00128         1.9451e+10     1.2020e+10     7.4310e+09     1.1473e+10         0.6477       2.3493e+10       1.9572e+11       10.0620      17.0592     
UGC00191         3.3470e+09     2.0040e+09     1.3430e+09     1.8071e+09         0.7432       3.8111e+09       1.5710e+10       4.6937       8.6932      
UGC00634         6.6520e+09     2.9890e+09     3.6630e+09     4.0617e+09         0.9018       7.0507e+09       4.1678e+10       6.2655       10.2612     
UGC00731         2.1300e+09     3.2300e+08     1.8070e+09     1.8422e+09         0.9809       2.1652e+09       1.8478e+10       8.6753       10.0308     
UGC00891         8.0200e+08     3.7400e+08     4.2800e+08     5.4538e+08         0.7848       9.1938e+08       5.3074e+09       6.6178       9.7316      
UGC01230         1.4050e+10     7.6200e+09     6.4300e+09     1.0441e+10         0.6159       1.8061e+10       1.3734e+11       9.7749       13.1541     
UGC01281         6.4700e+08     3.5300e+08     2.9400e+08     2.7438e+08         1.0715       6.2738e+08       2.8645e+09       4.4273       10.4397     
UGC02023         1.7850e+09     1.3080e+09     4.7700e+08     2.1061e+08         2.2649       1.5186e+09       2.0108e+09       1.1265       9.5474      
UGC02259         2.2190e+09     1.7250e+09     4.9400e+08     7.7795e+08         0.6350       2.5029e+09       7.8310e+09       3.5291       10.0662     
UGC02455         4.4520e+09     3.6490e+09     8.0300e+08     4.7551e+08         1.6887       4.1245e+09       3.2828e+09       0.7374       6.9037      
UGC02487         5.0792e+11     4.8996e+11     1.7963e+10     2.1602e+10         0.8315       5.1156e+11       4.4906e+11       0.8841       20.7880     
UGC02885         4.4360e+11     4.0352e+11     4.0075e+10     6.9839e+10         0.5738       4.7336e+11       1.0430e+12       2.3513       14.9349     
UGC02916         1.4743e+11     1.2415e+11     2.3273e+10     2.9862e+10         0.7794       1.5401e+11       3.1629e+11       2.1454       10.5916     
UGC02953         2.6720e+11     2.5952e+11     7.6780e+09     9.6703e+09         0.7940       2.6919e+11       1.7887e+11       0.6694       18.4969     
UGC03205         1.2332e+11     1.1364e+11     9.6770e+09     1.3161e+10         0.7353       1.2680e+11       1.5493e+11       1.2564       11.7726     
UGC03546         1.0401e+11     1.0134e+11     2.6750e+09     3.5761e+09         0.7480       1.0491e+11       5.5286e+10       0.5315       15.4599     
UGC03580         1.7636e+10     1.3266e+10     4.3700e+09     5.6095e+09         0.7790       1.8875e+10       6.6175e+10       3.7522       11.7970     
UGC04278         2.4230e+09     1.3070e+09     1.1160e+09     7.6355e+08         1.4616       2.0706e+09       7.3785e+09       3.0452       9.6634      
UGC04305         1.4260e+09     7.3600e+08     6.9000e+08     5.1520e+08         1.3393       1.2512e+09       4.3374e+09       3.0417       8.4190      
UGC04325         2.7040e+09     2.0260e+09     6.7800e+08     6.7483e+08         1.0047       2.7008e+09       5.7930e+09       2.1424       8.5844      
UGC04483         4.5000e+07     1.3000e+07     3.2000e+07     2.6668e+07         1.1999       3.9668e+07       1.4595e+08       3.2434       5.4729      
UGC04499         2.6520e+09     1.5520e+09     1.1000e+09     1.1955e+09         0.9201       2.7475e+09       1.0737e+10       4.0487       8.9810      
UGC05005         7.1930e+09     4.1000e+09     3.0930e+09     6.9660e+09         0.4440       1.1066e+10       9.1123e+10       12.6682      13.0810     
UGC05253         1.8798e+11     1.7158e+11     1.6396e+10     1.7035e+10         0.9625       1.8862e+11       2.9562e+11       1.5726       17.3534     
UGC05414         1.6970e+09     1.1230e+09     5.7400e+08     3.3264e+08         1.7256       1.4556e+09       2.8007e+09       1.6504       8.4195      
UGC05716         1.6820e+09     5.8800e+08     1.0940e+09     1.4125e+09         0.7745       2.0005e+09       1.4074e+10       8.3676       9.9638      
UGC05721         1.0930e+09     5.3100e+08     5.6200e+08     5.8610e+08         0.9589       1.1171e+09       4.1250e+09       3.7741       7.0381      
UGC05750         4.4350e+09     3.3360e+09     1.0990e+09     6.2954e+09         0.1746       9.6314e+09       7.6400e+10       17.2267      12.1358     
UGC05764         2.4800e+08     8.5000e+07     1.6300e+08     2.0753e+08         0.7854       2.9253e+08       1.7298e+09       6.9750       8.3350      
UGC05829         1.5870e+09     5.6400e+08     1.0230e+09     1.0071e+09         1.0158       1.5711e+09       8.9533e+09       5.6417       8.8902      
UGC05918         5.3000e+08     2.3300e+08     2.9700e+08     1.4580e+08         2.0371       3.7880e+08       1.7794e+09       3.3573       12.2045     
UGC05986         7.3620e+09     4.6950e+09     2.6670e+09     9.7950e+08         2.7228       5.6745e+09       1.0163e+10       1.3805       10.3761     
UGC05999         5.4060e+09     3.3840e+09     2.0220e+09     4.9466e+09         0.4088       8.3306e+09       5.0911e+10       9.4174       10.2920     
UGC06399         2.9700e+09     2.2960e+09     6.7400e+08     7.0686e+08         0.9535       3.0029e+09       7.7148e+09       2.5976       10.9142     
UGC06446         2.3670e+09     9.8800e+08     1.3790e+09     1.5583e+09         0.8850       2.5463e+09       1.4260e+10       6.0244       9.1511      
UGC06614         1.4624e+11     1.2435e+11     2.1888e+10     3.6846e+10         0.5940       1.6120e+11       5.3086e+11       3.6301       14.4076     
UGC06628         5.2390e+09     3.7390e+09     1.5000e+09     9.9555e+08         1.5067       4.7346e+09       1.0375e+10       1.9802       10.4209     
UGC06667         2.2060e+09     1.3970e+09     8.0900e+08     6.6427e+08         1.2179       2.0613e+09       8.7963e+09       3.9874       13.2421     
UGC06786         7.8437e+10     7.3407e+10     5.0300e+09     4.9675e+09         1.0126       7.8375e+10       7.4955e+10       0.9556       15.0891     
UGC06787         1.0329e+11     9.8256e+10     5.0300e+09     6.2351e+09         0.8067       1.0449e+11       1.0820e+11       1.0476       17.3530     
UGC06818         2.6670e+09     1.5880e+09     1.0790e+09     4.0223e+08         2.6825       1.9902e+09       4.5404e+09       1.7024       11.2880     
UGC06917         8.8550e+09     6.8320e+09     2.0230e+09     1.6929e+09         1.1950       8.5249e+09       1.8007e+10       2.0335       10.6365     
UGC06923         3.6990e+09     2.8900e+09     8.0900e+08     6.8611e+08         1.1791       3.5761e+09       5.2989e+09       1.4325       7.7232      
UGC06930         1.2169e+10     8.9320e+09     3.2370e+09     3.7954e+09         0.8529       1.2727e+10       4.3310e+10       3.5590       11.4110     
UGC06973         5.5623e+10     5.3870e+10     1.7530e+09     1.0624e+09         1.6501       5.4932e+10       8.5250e+09       0.1533       8.0245      
UGC06983         8.2650e+09     5.2980e+09     2.9670e+09     3.3817e+09         0.8774       8.6797e+09       3.7387e+10       4.5235       11.0557     
UGC07089         4.7990e+09     3.5850e+09     1.2140e+09     8.0016e+08         1.5172       4.3852e+09       9.3674e+09       1.9519       11.7068     
UGC07125         7.3410e+09     2.7120e+09     4.6290e+09     3.3937e+09         1.3640       6.1057e+09       4.1497e+10       5.6528       12.2279     
UGC07151         2.9000e+09     2.2840e+09     6.1600e+08     5.6925e+08         1.0821       2.8533e+09       4.7446e+09       1.6361       8.3347      
UGC07232         1.5900e+08     1.1300e+08     4.6000e+07     2.1015e+07         2.1889       1.3401e+08       1.0986e+08       0.6909       5.2276      
UGC07261         3.1410e+09     1.7530e+09     1.3880e+09     7.4637e+08         1.8597       2.4994e+09       6.5051e+09       2.0710       8.7157      
UGC07323         4.8310e+09     4.1090e+09     7.2200e+08     5.8152e+08         1.2416       4.6905e+09       5.7065e+09       1.1812       9.8132      
UGC07399         1.9010e+09     1.1560e+09     7.4500e+08     5.6257e+08         1.3243       1.7186e+09       5.2609e+09       2.7674       9.3514      
UGC07524         4.2150e+09     2.4360e+09     1.7790e+09     1.4516e+09         1.2256       3.8876e+09       1.7074e+10       4.0507       11.7621     
UGC07559         2.7800e+08     1.0900e+08     1.6900e+08     9.3519e+07         1.8071       2.0252e+08       7.2905e+08       2.6225       7.7958      
UGC07577         8.9000e+07     4.5000e+07     4.4000e+07     1.8693e+07         2.3538       6.3693e+07       2.0782e+08       2.3351       11.1178     
UGC07603         6.3400e+08     3.7600e+08     2.5800e+08     1.8034e+08         1.4306       5.5634e+08       1.4538e+09       2.2931       8.0616      
UGC07608         7.9900e+08     2.6400e+08     5.3500e+08     3.6620e+08         1.4609       6.3020e+08       3.3812e+09       4.2318       9.2332      
UGC07690         1.2480e+09     8.5800e+08     3.9000e+08     3.0864e+08         1.2636       1.1666e+09       2.1569e+09       1.7283       6.9883      
UGC07866         2.4200e+08     1.2400e+08     1.1800e+08     6.6506e+07         1.7743       1.9051e+08       5.5258e+08       2.2834       8.3088      
UGC08286         1.8970e+09     1.2550e+09     6.4200e+08     7.1509e+08         0.8978       1.9701e+09       6.7625e+09       3.5648       9.4569      
UGC08490         1.7370e+09     1.0170e+09     7.2000e+08     8.0328e+08         0.8963       1.8203e+09       7.1617e+09       4.1230       8.9156      
UGC08550         5.7700e+08     2.8900e+08     2.8800e+08     3.2388e+08         0.8892       6.1288e+08       2.5902e+09       4.4892       7.9977      
UGC08699         5.4040e+10     5.0302e+10     3.7380e+09     5.0362e+09         0.7422       5.5338e+10       6.2677e+10       1.1598       12.4452     
UGC08837         8.2100e+08     5.0100e+08     3.2000e+08     2.8997e+08         1.1036       7.9097e+08       2.7309e+09       3.3263       9.4178      
UGC09037         8.7692e+10     6.8614e+10     1.9078e+10     1.6225e+10         1.1758       8.4839e+10       1.6413e+11       1.8716       10.1156     
UGC09133         3.1635e+11     2.8293e+11     3.3428e+10     4.5396e+10         0.7364       3.2832e+11       8.4832e+11       2.6816       18.6870     
UGC09992         6.5400e+08     3.3600e+08     3.1800e+08     1.8580e+08         1.7115       5.2180e+08       1.6876e+09       2.5804       9.0828      
UGC10310         2.9370e+09     1.7410e+09     1.1960e+09     1.0128e+09         1.1809       2.7538e+09       9.4086e+09       3.2035       9.2897      
UGC11455         3.8766e+11     3.7432e+11     1.3335e+10     1.4177e+10         0.9406       3.8850e+11       2.0477e+11       0.5282       14.4439     
UGC11557         1.4706e+10     1.2101e+10     2.6050e+09     1.6155e+09         1.6125       1.3717e+10       1.7013e+10       1.1569       10.5309     
UGC11820         2.9470e+09     9.7000e+08     1.9770e+09     3.1219e+09         0.6333       4.0919e+09       3.2265e+10       10.9485      10.3351     
UGC11914         1.5092e+11     1.5003e+11     8.8800e+08     1.1204e+09         0.7926       1.5115e+11       1.2401e+10       0.0822       11.0688     
UGC12506         1.7513e+11     1.3957e+11     3.5556e+10     3.7812e+10         0.9403       1.7738e+11       4.8415e+11       2.7646       12.8042     
UGC12632         3.0450e+09     1.3010e+09     1.7440e+09     1.2878e+09         1.3543       2.5888e+09       1.4624e+10       4.8025       11.3558     
UGC12732         5.3270e+09     1.6670e+09     3.6600e+09     3.3081e+09         1.1064       4.9751e+09       3.3856e+10       6.3555       10.2344     
UGCA281          2.5600e+08     1.9400e+08     6.2000e+07     1.6311e+07         3.8011       2.1031e+08       1.5736e+08       0.6147       9.6472      
UGCA442          4.0300e+08     1.4000e+08     2.6300e+08     3.6211e+08         0.7263       5.0211e+08       3.0342e+09       7.5289       8.3792      
UGCA444          7.9000e+07     1.2000e+07     6.7000e+07     8.3305e+07         0.8043       9.5305e+07       6.6753e+08       8.4498       8.0131      
========================================================================================================

========================================================================================================
Run Date/Time: 2026-10-08 11:54:00
Run Duration: 240.06 seconds (4.00 minutes)

INPUT CONSTANTS:
  NUM_BLOBS_THETA = 57
  NUM_LAYERS_Z = 303
  Z_HEIGHT = 100
  NUM_R_BINS = 87
  USE_EXPONENTIAL_DISK = True
  USE_CGM_MODEL = False
  GGM_GRID_SCALE = 2.0
  CGM_CENTRAL_DENSITY = 0.3

--- GLOBAL OPTIMIZATION RESULTS ---
  Best Global P: 25.6742 W
  DM Chi^2 Total: 549786.84
  DM Linear Total Error (Weighted): 24247.22
  DM Linear Total Error (Unweighted): 89927.73 km/s

--- MOND (Simple) PREDICTION ERRORS ---
  MOND Chi^2 Total: 169527.64
  MOND Linear Total Error (Weighted): 14371.40
  MOND Linear Total Error (Unweighted): 55492.88 km/s

--- GALAXY STATISTICAL BREAKDOWN ---
Column Legend:
  name: Galaxy identifier
  M_b: Total baryon mass [M_sun] (TL + HIMass, assuming Upsilon = 1)
  TL: Stellar luminosity-derived mass [M_sun]
  HIMass: Neutral Hydrogen mass from literature [M_sun]
  Total Gas Mass: Integrated gas disk mass from 3D density grid * 1.33 [M_sun]
  HIMass/Total Gas Mass: Ratio of tabular HI mass to integrated gas mass
  Total Gas Mass + TL mass: Combined integrated gas and stellar mass [M_sun]
  Total DM Mass: Integrated Dark Mass via theory formula [M_sun]
  Total DM Mass/M_b: Ratio of Dark Mass to Total Baryons
  Total DM Mass/Total Gas: Ratio of Dark Mass to Integrated Gas Mass

name             M_b (Msun)     TL (Msun)      HIMass (Msun)  Total Gas (Msun)   HI/TotGas    Gas+TL (Msun)    Total DM (Msun)  DM/M_b       DM/TotGas   
----------------------------------------------------------------------------------------------------------------------------------------------------------
CamB             8.7000e+07     7.5000e+07     1.2000e+07     1.7303e+07         0.6935       9.2303e+07       1.6589e+08       1.9068       9.5875      
D512-2           4.0600e+08     3.2500e+08     8.1000e+07     4.1560e+07         1.9490       3.6656e+08       6.5328e+08       1.6091       15.7190     
D564-8           6.2000e+07     3.3000e+07     2.9000e+07     2.4545e+07         1.1815       5.7545e+07       3.2902e+08       5.3067       13.4045     
D631-7           4.8600e+08     1.9600e+08     2.9000e+08     3.7336e+08         0.7767       5.6936e+08       3.2487e+09       6.6846       8.7014      
DDO064           3.6800e+08     1.5700e+08     2.1100e+08     2.3262e+08         0.9071       3.8962e+08       1.5730e+09       4.2744       6.7621      
DDO154           3.2800e+08     5.3000e+07     2.7500e+08     2.5152e+08         1.0934       3.0452e+08       2.0877e+09       6.3649       8.3004      
DDO161           1.9260e+09     5.4800e+08     1.3780e+09     1.8549e+09         0.7429       2.4029e+09       1.7043e+10       8.8491       9.1885      
DDO168           6.0400e+08     1.9100e+08     4.1300e+08     3.5023e+08         1.1792       5.4123e+08       2.5956e+09       4.2973       7.4110      
DDO170           1.2780e+09     5.4300e+08     7.3500e+08     1.3069e+09         0.5624       1.8499e+09       1.4722e+10       11.5195      11.2646     
ESO079-G014      5.4873e+10     5.1733e+10     3.1400e+09     3.5883e+09         0.8751       5.5321e+10       4.6748e+10       0.8519       13.0277     
ESO116-G012      5.3750e+09     4.2920e+09     1.0830e+09     1.5821e+09         0.6846       5.8741e+09       1.4393e+10       2.6777       9.0976      
ESO444-G084      2.0600e+08     7.1000e+07     1.3500e+08     2.1557e+08         0.6263       2.8657e+08       1.5404e+09       7.4778       7.1458      
ESO563-G021      3.3548e+11     3.1118e+11     2.4298e+10     2.0598e+10         1.1796       3.3177e+11       2.8053e+11       0.8362       13.6192     
F561-1           5.6990e+09     4.0770e+09     1.6220e+09     1.2122e+09         1.3380       5.2892e+09       1.3961e+10       2.4497       11.5167     
F563-1           5.1030e+09     1.9030e+09     3.2000e+09     3.4291e+09         0.9332       5.3321e+09       4.6538e+10       9.1197       13.5716     
F563-V1          2.1500e+09     1.5400e+09     6.1000e+08     4.9146e+08         1.2412       2.0315e+09       7.0386e+09       3.2738       14.3217     
F563-V2          5.1550e+09     2.9860e+09     2.1690e+09     2.0749e+09         1.0453       5.0609e+09       2.0038e+10       3.8872       9.6574      
F565-V2          1.2580e+09     5.5900e+08     6.9900e+08     9.4067e+08         0.7431       1.4997e+09       1.0456e+10       8.3114       11.1152     
F567-2           4.5830e+09     2.1340e+09     2.4490e+09     7.9570e+08         3.0778       2.9297e+09       1.0525e+10       2.2965       13.2275     
F568-1           1.0750e+10     6.2520e+09     4.4980e+09     4.7081e+09         0.9554       1.0960e+10       4.8647e+10       4.5253       10.3326     
F568-3           1.1541e+10     8.3460e+09     3.1950e+09     3.9546e+09         0.8079       1.2301e+10       5.1582e+10       4.4694       13.0434     
F568-V1          6.3160e+09     3.8250e+09     2.4910e+09     3.9427e+09         0.6318       7.7677e+09       4.5157e+10       7.1496       11.4533     
F571-8           1.1946e+10     1.0164e+10     1.7820e+09     3.5657e+08         4.9976       1.0521e+10       8.4718e+09       0.7092       23.7589     
F571-V1          3.0660e+09     1.8490e+09     1.2170e+09     1.8053e+09         0.6741       3.6543e+09       2.1048e+10       6.8648       11.6587     
F574-1           1.0061e+10     6.5370e+09     3.5240e+09     1.2984e+09         2.7141       7.8354e+09       1.9334e+10       1.9217       14.8903     
F574-2           4.5780e+09     2.8770e+09     1.7010e+09     1.2584e+09         1.3517       4.1354e+09       1.6474e+10       3.5985       13.0913     
F579-V1          1.4093e+10     1.1848e+10     2.2450e+09     2.5499e+09         0.8804       1.4398e+10       3.2244e+10       2.2880       12.6455     
F583-1           3.1120e+09     9.8600e+08     2.1260e+09     3.3084e+09         0.6426       4.2944e+09       3.6432e+10       11.7070      11.0119     
F583-4           2.3560e+09     1.7150e+09     6.4100e+08     2.1173e+08         3.0275       1.9267e+09       3.3480e+09       1.4210       15.8127     
IC2574           2.0520e+09     1.0160e+09     1.0360e+09     8.1814e+08         1.2663       1.8341e+09       1.1122e+10       5.4203       13.5947     
IC4202           1.9208e+11     1.7975e+11     1.2326e+10     1.1379e+10         1.0832       1.9113e+11       1.3240e+11       0.6893       11.6351     
KK98-251         2.0000e+08     8.5000e+07     1.1500e+08     1.4754e+08         0.7794       2.3254e+08       1.3228e+09       6.6138       8.9654      
NGC0024          4.5650e+09     3.8890e+09     6.7600e+08     9.0913e+08         0.7436       4.7981e+09       9.4600e+09       2.0723       10.4056     
NGC0055          6.1930e+09     4.6280e+09     1.5650e+09     2.7572e+09         0.5676       7.3852e+09       3.1169e+10       5.0329       11.3046     
NGC0100          5.2220e+09     3.2320e+09     1.9900e+09     5.3196e+08         3.7409       3.7640e+09       7.0879e+09       1.3573       13.3241     
NGC0247          9.0780e+09     7.3320e+09     1.7460e+09     2.3361e+09         0.7474       9.6681e+09       2.8721e+10       3.1638       12.2943     
NGC0289          9.9534e+10     7.2065e+10     2.7469e+10     3.8321e+10         0.7168       1.1039e+11       5.4494e+11       5.4749       14.2203     
NGC0300          3.8580e+09     2.9220e+09     9.3600e+08     9.5611e+08         0.9790       3.8781e+09       1.1207e+10       2.9048       11.7212     
NGC0801          3.3577e+11     3.1257e+11     2.3201e+10     4.1198e+10         0.5632       3.5377e+11       6.1021e+11       1.8174       14.8116     
NGC0891          1.4280e+11     1.3834e+11     4.4620e+09     4.6737e+09         0.9547       1.4301e+11       4.7712e+10       0.3341       10.2085     
NGC1003          1.2700e+10     6.8200e+09     5.8800e+09     4.9357e+09         1.1913       1.1756e+10       6.3504e+10       5.0003       12.8661     
NGC1090          8.0828e+10     7.2045e+10     8.7830e+09     1.0431e+10         0.8420       8.2476e+10       1.2919e+11       1.5983       12.3855     
NGC1705          6.7200e+08     5.3300e+08     1.3900e+08     2.0456e+08         0.6795       7.3756e+08       1.7644e+09       2.6255       8.6253      
NGC2366          8.8300e+08     2.3600e+08     6.4700e+08     6.1143e+08         1.0582       8.4743e+08       4.5369e+09       5.1381       7.4202      
NGC2403          1.3240e+10     1.0041e+10     3.1990e+09     5.5622e+09         0.5751       1.5603e+10       4.9809e+10       3.7620       8.9549      
NGC2683          8.1821e+10     8.0415e+10     1.4060e+09     1.9511e+09         0.7206       8.2366e+10       2.7688e+10       0.3384       14.1911     
NGC2841          1.9790e+11     1.8812e+11     9.7750e+09     4.2995e+10         0.2274       2.3112e+11       5.2152e+11       2.6353       12.1298     
NGC2903          8.4415e+10     8.1863e+10     2.5520e+09     3.9348e+09         0.6486       8.5798e+10       4.9317e+10       0.5842       12.5335     
NGC2915          1.1490e+09     6.4100e+08     5.0800e+08     5.3550e+08         0.9486       1.1765e+09       5.6634e+09       4.9289       10.5758     
NGC2955          3.4837e+11     3.1942e+11     2.8949e+10     3.4800e+10         0.8319       3.5422e+11       4.5215e+11       1.2979       12.9928     
NGC2976          3.5430e+09     3.3710e+09     1.7200e+08     2.7162e+08         0.6332       3.6426e+09       1.5552e+09       0.4390       5.7257      
NGC2998          1.7435e+11     1.5090e+11     2.3451e+10     2.7068e+10         0.8664       1.7797e+11       3.3828e+11       1.9402       12.4975     
NGC3109          6.7100e+08     1.9400e+08     4.7700e+08     3.3840e+08         1.4096       5.3240e+08       3.8762e+09       5.7767       11.4546     
NGC3198          4.9148e+10     3.8279e+10     1.0869e+10     1.4457e+10         0.7518       5.2736e+10       1.9505e+11       3.9686       13.4919     
NGC3521          8.8990e+10     8.4836e+10     4.1540e+09     5.1661e+09         0.8041       9.0002e+10       5.0138e+10       0.5634       9.7052      
NGC3726          7.6707e+10     7.0234e+10     6.4730e+09     9.5425e+09         0.6783       7.9776e+10       1.0967e+11       1.4297       11.4925     
NGC3741          2.1000e+08     2.8000e+07     1.8200e+08     1.9818e+08         0.9184       2.2618e+08       1.8041e+09       8.5909       9.1035      
NGC3769          2.4208e+10     1.8679e+10     5.5290e+09     6.8525e+09         0.8069       2.5531e+10       9.9131e+10       4.0950       14.4665     
NGC3877          7.4018e+10     7.2535e+10     1.4830e+09     1.4566e+09         1.0181       7.3992e+10       1.6848e+10       0.2276       11.5664     
NGC3893          6.4324e+10     5.8525e+10     5.7990e+09     6.1744e+09         0.9392       6.4699e+10       5.8275e+10       0.9060       9.4383      
NGC3917          2.3854e+10     2.1966e+10     1.8880e+09     2.0830e+09         0.9064       2.4049e+10       2.5702e+10       1.0775       12.3388     
NGC3949          4.1438e+10     3.8067e+10     3.3710e+09     2.1593e+09         1.5612       4.0226e+10       1.7569e+10       0.4240       8.1367      
NGC3953          1.4413e+11     1.4130e+11     2.8320e+09     2.7028e+09         1.0478       1.4400e+11       3.6994e+10       0.2567       13.6872     
NGC3972          1.5567e+10     1.4353e+10     1.2140e+09     1.0843e+09         1.1196       1.5437e+10       1.1325e+10       0.7275       10.4447     
NGC3992          2.4353e+11     2.2693e+11     1.6599e+10     1.5558e+10         1.0669       2.4249e+11       2.2736e+11       0.9336       14.6140     
NGC4010          2.0025e+10     1.7193e+10     2.8320e+09     1.7494e+09         1.6188       1.8942e+10       1.8151e+10       0.9064       10.3757     
NGC4013          8.2061e+10     7.9094e+10     2.9670e+09     3.7493e+09         0.7913       8.2843e+10       5.9206e+10       0.7215       15.7912     
NGC4051          9.7965e+10     9.5268e+10     2.6970e+09     2.4946e+09         1.0812       9.7763e+10       2.9409e+10       0.3002       11.7893     
NGC4068          3.9000e+08     2.3600e+08     1.5400e+08     1.3997e+08         1.1003       3.7597e+08       9.2862e+08       2.3811       6.6345      
NGC4085          2.3073e+10     2.1724e+10     1.3490e+09     5.7803e+08         2.3338       2.2302e+10       5.5436e+09       0.2403       9.5905      
NGC4088          1.1551e+11     1.0729e+11     8.2260e+09     9.0491e+09         0.9090       1.1634e+11       8.3198e+10       0.7203       9.1941      
NGC4100          6.2496e+10     5.9394e+10     3.1020e+09     3.9682e+09         0.7817       6.3362e+10       4.7772e+10       0.7644       12.0386     
NGC4138          4.5594e+10     4.4111e+10     1.4830e+09     1.6385e+09         0.9051       4.5749e+10       2.1743e+10       0.4769       13.2701     
NGC4157          1.1385e+11     1.0562e+11     8.2260e+09     1.0063e+10         0.8175       1.1568e+11       1.0202e+11       0.8961       10.1388     
NGC4183          1.4344e+10     1.0838e+10     3.5060e+09     4.4092e+09         0.7952       1.5247e+10       5.0516e+10       3.5217       11.4569     
NGC4214          1.6270e+09     1.1410e+09     4.8600e+08     1.8139e+08         2.6793       1.3224e+09       1.6522e+09       1.0155       9.1086      
NGC4217          8.7861e+10     8.5299e+10     2.5620e+09     2.7063e+09         0.9467       8.8005e+10       3.3295e+10       0.3789       12.3024     
NGC4389          2.1867e+10     2.1328e+10     5.3900e+08     3.8303e+08         1.4072       2.1711e+10       4.3363e+09       0.1983       11.3209     
NGC4559          2.5188e+10     1.9377e+10     5.8110e+09     7.3451e+09         0.7911       2.6722e+10       7.1493e+10       2.8384       9.7334      
NGC5005          1.8000e+11     1.7872e+11     1.2800e+09     5.9737e+09         0.2143       1.8469e+11       4.6685e+10       0.2594       7.8150      
NGC5033          1.2182e+11     1.1051e+11     1.1314e+10     1.5258e+10         0.7415       1.2577e+11       2.0461e+11       1.6796       13.4105     
NGC5055          1.6464e+11     1.5292e+11     1.1722e+10     1.5513e+10         0.7556       1.6843e+11       2.2356e+11       1.3579       14.4114     
NGC5371          3.5157e+11     3.4039e+11     1.1180e+10     1.5175e+10         0.7367       3.5557e+11       2.1962e+11       0.6247       14.4721     
NGC5585          4.6260e+09     2.9430e+09     1.6830e+09     1.6219e+09         1.0376       4.5649e+09       1.5801e+10       3.4158       9.7422      
NGC5907          1.9645e+11     1.7542e+11     2.1025e+10     2.9281e+10         0.7181       2.0471e+11       3.8445e+11       1.9570       13.1299     
NGC5985          2.2031e+11     2.0873e+11     1.1586e+10     1.0589e+10         1.0942       2.1932e+11       1.6579e+11       0.7525       15.6571     
NGC6015          3.7963e+10     3.2129e+10     5.8340e+09     8.1558e+09         0.7153       4.0285e+10       8.6501e+10       2.2786       10.6060     
NGC6195          4.1198e+11     3.9108e+11     2.0907e+10     2.5303e+10         0.8263       4.1638e+11       3.4093e+11       0.8275       13.4739     
NGC6503          1.4589e+10     1.2845e+10     1.7440e+09     2.5392e+09         0.6868       1.5384e+10       3.5433e+10       2.4287       13.9540     
NGC6674          2.4682e+11     2.1465e+11     3.2165e+10     2.4711e+10         1.3016       2.3937e+11       4.2828e+11       1.7352       17.3313     
NGC6789          1.1700e+08     1.0000e+08     1.7000e+07     1.7203e+07         0.9882       1.1720e+08       8.8118e+07       0.7531       5.1223      
NGC6946          7.1843e+10     6.6173e+10     5.6700e+09     4.2392e+09         1.3375       7.0412e+10       4.5626e+10       0.6351       10.7627     
NGC7331          2.6170e+11     2.5063e+11     1.1067e+10     1.5304e+10         0.7232       2.6593e+11       1.8059e+11       0.6901       11.8003     
NGC7793          7.9110e+09     7.0500e+09     8.6100e+08     1.2385e+09         0.6952       8.2885e+09       9.6047e+09       1.2141       7.7550      
NGC7814          7.5599e+10     7.4529e+10     1.0700e+09     1.3339e+09         0.8022       7.5863e+10       2.2786e+10       0.3014       17.0825     
PGC51017         3.5600e+08     1.5500e+08     2.0100e+08     1.1762e+08         1.7088       2.7262e+08       1.0329e+09       2.9013       8.7809      
UGC00128         1.9451e+10     1.2020e+10     7.4310e+09     1.1968e+10         0.6209       2.3988e+10       2.0588e+11       10.5847      17.2023     
UGC00191         3.3470e+09     2.0040e+09     1.3430e+09     1.8852e+09         0.7124       3.8892e+09       1.6526e+10       4.9375       8.7662      
UGC00634         6.6520e+09     2.9890e+09     3.6630e+09     4.2371e+09         0.8645       7.2261e+09       4.3843e+10       6.5909       10.3473     
UGC00731         2.1300e+09     3.2300e+08     1.8070e+09     1.9217e+09         0.9403       2.2447e+09       1.9438e+10       9.1259       10.1149     
UGC00891         8.0200e+08     3.7400e+08     4.2800e+08     5.6894e+08         0.7523       9.4294e+08       5.5831e+09       6.9615       9.8132      
UGC01230         1.4050e+10     7.6200e+09     6.4300e+09     1.0892e+10         0.5904       1.8512e+10       1.4447e+11       10.2826      13.2645     
UGC01281         6.4700e+08     3.5300e+08     2.9400e+08     2.8623e+08         1.0271       6.3923e+08       3.0132e+09       4.6573       10.5273     
UGC02023         1.7850e+09     1.3080e+09     4.7700e+08     2.1970e+08         2.1711       1.5277e+09       2.1152e+09       1.1850       9.6275      
UGC02259         2.2190e+09     1.7250e+09     4.9400e+08     8.1155e+08         0.6087       2.5365e+09       8.2378e+09       3.7124       10.1507     
UGC02455         4.4520e+09     3.6490e+09     8.0300e+08     4.9605e+08         1.6188       4.1450e+09       3.4533e+09       0.7757       6.9616      
UGC02487         5.0792e+11     4.8996e+11     1.7963e+10     2.2535e+10         0.7971       5.1249e+11       4.7239e+11       0.9300       20.9623     
UGC02885         4.4360e+11     4.0352e+11     4.0075e+10     7.2855e+10         0.5501       4.7638e+11       1.0972e+12       2.4734       15.0602     
UGC02916         1.4743e+11     1.2415e+11     2.3273e+10     3.1152e+10         0.7471       1.5530e+11       3.3271e+11       2.2568       10.6804     
UGC02953         2.6720e+11     2.5952e+11     7.6780e+09     1.0088e+10         0.7611       2.6961e+11       1.8816e+11       0.7042       18.6520     
UGC03205         1.2332e+11     1.1364e+11     9.6770e+09     1.3729e+10         0.7049       1.2737e+11       1.6298e+11       1.3216       11.8713     
UGC03546         1.0401e+11     1.0134e+11     2.6750e+09     3.7306e+09         0.7170       1.0507e+11       5.8158e+10       0.5592       15.5895     
UGC03580         1.7636e+10     1.3266e+10     4.3700e+09     5.8517e+09         0.7468       1.9118e+10       6.9612e+10       3.9471       11.8959     
UGC04278         2.4230e+09     1.3070e+09     1.1160e+09     7.9653e+08         1.4011       2.1035e+09       7.7618e+09       3.2034       9.7444      
UGC04305         1.4260e+09     7.3600e+08     6.9000e+08     5.3745e+08         1.2838       1.2735e+09       4.5627e+09       3.1997       8.4896      
UGC04325         2.7040e+09     2.0260e+09     6.7800e+08     7.0398e+08         0.9631       2.7300e+09       6.0939e+09       2.2537       8.6564      
UGC04483         4.5000e+07     1.3000e+07     3.2000e+07     2.7820e+07         1.1503       4.0820e+07       1.5353e+08       3.4118       5.5188      
UGC04499         2.6520e+09     1.5520e+09     1.1000e+09     1.2472e+09         0.8820       2.7992e+09       1.1295e+10       4.2590       9.0563      
UGC05005         7.1930e+09     4.1000e+09     3.0930e+09     7.2669e+09         0.4256       1.1367e+10       9.5856e+10       13.3262      13.1908     
UGC05253         1.8798e+11     1.7158e+11     1.6396e+10     1.7771e+10         0.9226       1.8935e+11       3.1098e+11       1.6543       17.4989     
UGC05414         1.6970e+09     1.1230e+09     5.7400e+08     3.4701e+08         1.6541       1.4700e+09       2.9461e+09       1.7361       8.4901      
UGC05716         1.6820e+09     5.8800e+08     1.0940e+09     1.4735e+09         0.7424       2.0615e+09       1.4805e+10       8.8022       10.0473     
UGC05721         1.0930e+09     5.3100e+08     5.6200e+08     6.1142e+08         0.9192       1.1424e+09       4.3393e+09       3.9701       7.0971      
UGC05750         4.4350e+09     3.3360e+09     1.0990e+09     6.5673e+09         0.1673       9.9033e+09       8.0369e+10       18.1214      12.2376     
UGC05764         2.4800e+08     8.5000e+07     1.6300e+08     2.1650e+08         0.7529       3.0150e+08       1.8197e+09       7.3373       8.4049      
UGC05829         1.5870e+09     5.6400e+08     1.0230e+09     1.0506e+09         0.9737       1.6146e+09       9.4184e+09       5.9347       8.9648      
UGC05918         5.3000e+08     2.3300e+08     2.9700e+08     1.5209e+08         1.9528       3.8509e+08       1.8718e+09       3.5317       12.3068     
UGC05986         7.3620e+09     4.6950e+09     2.6670e+09     1.0218e+09         2.6101       5.7168e+09       1.0691e+10       1.4522       10.4631     
UGC05999         5.4060e+09     3.3840e+09     2.0220e+09     5.1603e+09         0.3918       8.5443e+09       5.3555e+10       9.9066       10.3783     
UGC06399         2.9700e+09     2.2960e+09     6.7400e+08     7.3739e+08         0.9140       3.0334e+09       8.1155e+09       2.7325       11.0058     
UGC06446         2.3670e+09     9.8800e+08     1.3790e+09     1.6256e+09         0.8483       2.6136e+09       1.5001e+10       6.3374       9.2278      
UGC06614         1.4624e+11     1.2435e+11     2.1888e+10     3.8438e+10         0.5694       1.6279e+11       5.5844e+11       3.8187       14.5284     
UGC06628         5.2390e+09     3.7390e+09     1.5000e+09     1.0386e+09         1.4443       4.7776e+09       1.0913e+10       2.0831       10.5083     
UGC06667         2.2060e+09     1.3970e+09     8.0900e+08     6.9296e+08         1.1675       2.0900e+09       9.2532e+09       4.1946       13.3531     
UGC06786         7.8437e+10     7.3407e+10     5.0300e+09     5.1821e+09         0.9707       7.8589e+10       7.8849e+10       1.0052       15.2157     
UGC06787         1.0329e+11     9.8256e+10     5.0300e+09     6.5044e+09         0.7733       1.0476e+11       1.1382e+11       1.1020       17.4986     
UGC06818         2.6670e+09     1.5880e+09     1.0790e+09     4.1960e+08         2.5715       2.0076e+09       4.7762e+09       1.7908       11.3826     
UGC06917         8.8550e+09     6.8320e+09     2.0230e+09     1.7660e+09         1.1455       8.5980e+09       1.8942e+10       2.1391       10.7257     
UGC06923         3.6990e+09     2.8900e+09     8.0900e+08     7.1574e+08         1.1303       3.6057e+09       5.5742e+09       1.5069       7.7880      
UGC06930         1.2169e+10     8.9320e+09     3.2370e+09     3.9594e+09         0.8176       1.2891e+10       4.5559e+10       3.7439       11.5067     
UGC06973         5.5623e+10     5.3870e+10     1.7530e+09     1.1083e+09         1.5818       5.4978e+10       8.9678e+09       0.1612       8.0918      
UGC06983         8.2650e+09     5.2980e+09     2.9670e+09     3.5277e+09         0.8411       8.8257e+09       3.9329e+10       4.7585       11.1485     
UGC07089         4.7990e+09     3.5850e+09     1.2140e+09     8.3473e+08         1.4544       4.4197e+09       9.8539e+09       2.0533       11.8050     
UGC07125         7.3410e+09     2.7120e+09     4.6290e+09     3.5402e+09         1.3075       6.2522e+09       4.3653e+10       5.9464       12.3305     
UGC07151         2.9000e+09     2.2840e+09     6.1600e+08     5.9384e+08         1.0373       2.8778e+09       4.9910e+09       1.7210       8.4046      
UGC07232         1.5900e+08     1.1300e+08     4.6000e+07     2.1923e+07         2.0983       1.3492e+08       1.1556e+08       0.7268       5.2715      
UGC07261         3.1410e+09     1.7530e+09     1.3880e+09     7.7861e+08         1.7827       2.5316e+09       6.8430e+09       2.1786       8.7888      
UGC07323         4.8310e+09     4.1090e+09     7.2200e+08     6.0663e+08         1.1902       4.7156e+09       6.0030e+09       1.2426       9.8955      
UGC07399         1.9010e+09     1.1560e+09     7.4500e+08     5.8687e+08         1.2694       1.7429e+09       5.5341e+09       2.9112       9.4299      
UGC07524         4.2150e+09     2.4360e+09     1.7790e+09     1.5143e+09         1.1748       3.9503e+09       1.7960e+10       4.2611       11.8607     
UGC07559         2.7800e+08     1.0900e+08     1.6900e+08     9.7559e+07         1.7323       2.0656e+08       7.6692e+08       2.7587       7.8611      
UGC07577         8.9000e+07     4.5000e+07     4.4000e+07     1.9500e+07         2.2564       6.4500e+07       2.1862e+08       2.4564       11.2111     
UGC07603         6.3400e+08     3.7600e+08     2.5800e+08     1.8813e+08         1.3714       5.6413e+08       1.5293e+09       2.4122       8.1292      
UGC07608         7.9900e+08     2.6400e+08     5.3500e+08     3.8202e+08         1.4004       6.4602e+08       3.5569e+09       4.4516       9.3107      
UGC07690         1.2480e+09     8.5800e+08     3.9000e+08     3.2197e+08         1.2113       1.1800e+09       2.2689e+09       1.8180       7.0469      
UGC07866         2.4200e+08     1.2400e+08     1.1800e+08     6.9379e+07         1.7008       1.9338e+08       5.8129e+08       2.4020       8.3785      
UGC08286         1.8970e+09     1.2550e+09     6.4200e+08     7.4597e+08         0.8606       2.0010e+09       7.1138e+09       3.7500       9.5362      
UGC08490         1.7370e+09     1.0170e+09     7.2000e+08     8.3798e+08         0.8592       1.8550e+09       7.5337e+09       4.3372       8.9904      
UGC08550         5.7700e+08     2.8900e+08     2.8800e+08     3.3786e+08         0.8524       6.2686e+08       2.7248e+09       4.7223       8.0647      
UGC08699         5.4040e+10     5.0302e+10     3.7380e+09     5.2538e+09         0.7115       5.5556e+10       6.5933e+10       1.2201       12.5496     
UGC08837         8.2100e+08     5.0100e+08     3.2000e+08     3.0249e+08         1.0579       8.0349e+08       2.8727e+09       3.4991       9.4968      
UGC09037         8.7692e+10     6.8614e+10     1.9078e+10     1.6926e+10         1.1272       8.5540e+10       1.7265e+11       1.9688       10.2005     
UGC09133         3.1635e+11     2.8293e+11     3.3428e+10     4.7357e+10         0.7059       3.3028e+11       8.9238e+11       2.8208       18.8438     
UGC09992         6.5400e+08     3.3600e+08     3.1800e+08     1.9382e+08         1.6407       5.2982e+08       1.7752e+09       2.7144       9.1590      
UGC10310         2.9370e+09     1.7410e+09     1.1960e+09     1.0565e+09         1.1320       2.7975e+09       9.8973e+09       3.3699       9.3676      
UGC11455         3.8766e+11     3.7432e+11     1.3335e+10     1.4789e+10         0.9017       3.8911e+11       2.1540e+11       0.5556       14.5651     
UGC11557         1.4706e+10     1.2101e+10     2.6050e+09     1.6853e+09         1.5457       1.3786e+10       1.7896e+10       1.2170       10.6192     
UGC11820         2.9470e+09     9.7000e+08     1.9770e+09     3.2568e+09         0.6070       4.2268e+09       3.3941e+10       11.5172      10.4218     
UGC11914         1.5092e+11     1.5003e+11     8.8800e+08     1.1688e+09         0.7598       1.5120e+11       1.3045e+10       0.0864       11.1617     
UGC12506         1.7513e+11     1.3957e+11     3.5556e+10     3.9445e+10         0.9014       1.7902e+11       5.0930e+11       2.9082       12.9116     
UGC12632         3.0450e+09     1.3010e+09     1.7440e+09     1.3434e+09         1.2982       2.6444e+09       1.5383e+10       5.0520       11.4511     
UGC12732         5.3270e+09     1.6670e+09     3.6600e+09     3.4509e+09         1.0606       5.1179e+09       3.5614e+10       6.6856       10.3202     
UGCA281          2.5600e+08     1.9400e+08     6.2000e+07     1.7015e+07         3.6437       2.1102e+08       1.6553e+08       0.6466       9.7281      
UGCA442          4.0300e+08     1.4000e+08     2.6300e+08     3.7775e+08         0.6962       5.1775e+08       3.1918e+09       7.9200       8.4495      
UGCA444          7.9000e+07     1.2000e+07     6.7000e+07     8.6903e+07         0.7710       9.8903e+07       7.0220e+08       8.8887       8.0803      
========================================================================================================

========================================================================================================
Run Date/Time: 2026-10-08 12:00:05
Run Duration: 194.15 seconds (3.24 minutes)

INPUT CONSTANTS:
  NUM_BLOBS_THETA = 57
  NUM_LAYERS_Z = 303
  Z_HEIGHT = 100
  NUM_R_BINS = 87
  USE_EXPONENTIAL_DISK = True
  USE_CGM_MODEL = True
  GGM_GRID_SCALE = 2.0
  CGM_CENTRAL_DENSITY = 0.3

--- GLOBAL OPTIMIZATION RESULTS ---
  Best Global P: 12.5427 W
  DM Chi^2 Total: 310497.70
  DM Linear Total Error (Weighted): 18341.55
  DM Linear Total Error (Unweighted): 68297.71 km/s

--- MOND (Simple) PREDICTION ERRORS ---
  MOND Chi^2 Total: 169527.64
  MOND Linear Total Error (Weighted): 14371.40
  MOND Linear Total Error (Unweighted): 55492.88 km/s

--- GALAXY STATISTICAL BREAKDOWN ---
Column Legend:
  name: Galaxy identifier
  M_b: Total baryon mass [M_sun] (TL + HIMass, assuming Upsilon = 1)
  TL: Stellar luminosity-derived mass [M_sun]
  HIMass: Neutral Hydrogen mass from literature [M_sun]
  Total Gas Mass: Integrated gas disk mass from 3D density grid * 1.33 [M_sun]
  HIMass/Total Gas Mass: Ratio of tabular HI mass to integrated gas mass
  Total Gas Mass + TL mass: Combined integrated gas and stellar mass [M_sun]
  Total DM Mass: Integrated Dark Mass via theory formula [M_sun]
  Total DM Mass/M_b: Ratio of Dark Mass to Total Baryons
  Total DM Mass/Total Gas: Ratio of Dark Mass to Integrated Gas Mass

name             M_b (Msun)     TL (Msun)      HIMass (Msun)  Total Gas (Msun)   HI/TotGas    Gas+TL (Msun)    Total DM (Msun)  DM/M_b       DM/TotGas   
----------------------------------------------------------------------------------------------------------------------------------------------------------
CamB             8.7000e+07     7.5000e+07     1.2000e+07     3.9176e+07         0.3063       1.1418e+08       4.8601e+08       5.5864       12.4061     
D512-2           4.0600e+08     3.2500e+08     8.1000e+07     1.8534e+08         0.4370       5.1034e+08       3.2354e+09       7.9689       17.4560     
D564-8           6.2000e+07     3.3000e+07     2.9000e+07     5.5570e+07         0.5219       8.8570e+07       9.5561e+08       15.4130      17.1964     
D631-7           4.8600e+08     1.9600e+08     2.9000e+08     6.2303e+08         0.4655       8.1903e+08       7.6555e+09       15.7521      12.2876     
DDO064           3.6800e+08     1.5700e+08     2.1100e+08     5.0370e+08         0.4189       6.6070e+08       3.2032e+09       8.7043       6.3594      
DDO154           3.2800e+08     5.3000e+07     2.7500e+08     4.1076e+08         0.6695       4.6376e+08       4.4263e+09       13.4947      10.7758     
DDO161           1.9260e+09     5.4800e+08     1.3780e+09     2.8827e+09         0.4780       3.4307e+09       3.5101e+10       18.2250      12.1766     
DDO168           6.0400e+08     1.9100e+08     4.1300e+08     6.1537e+08         0.6711       8.0637e+08       5.3212e+09       8.8100       8.6473      
DDO170           1.2780e+09     5.4300e+08     7.3500e+08     2.1364e+09         0.3440       2.6794e+09       3.1115e+10       24.3469      14.5644     
ESO079-G014      5.4873e+10     5.1733e+10     3.1400e+09     1.8607e+10         0.1688       7.0340e+10       2.7030e+11       4.9259       14.5269     
ESO116-G012      5.3750e+09     4.2920e+09     1.0830e+09     3.3077e+09         0.3274       7.5997e+09       3.9245e+10       7.3014       11.8648     
ESO444-G084      2.0600e+08     7.1000e+07     1.3500e+08     3.0052e+08         0.4492       3.7152e+08       2.7115e+09       13.1627      9.0227      
ESO563-G021      3.3548e+11     3.1118e+11     2.4298e+10     1.1413e+11         0.2129       4.2531e+11       1.7786e+12       5.3016       15.5834     
F561-1           5.6990e+09     4.0770e+09     1.6220e+09     3.8558e+09         0.4207       7.9328e+09       4.9395e+10       8.6674       12.8106     
F563-1           5.1030e+09     1.9030e+09     3.2000e+09     7.9219e+09         0.4039       9.8249e+09       1.2945e+11       25.3680      16.3412     
F563-V1          2.1500e+09     1.5400e+09     6.1000e+08     1.5869e+09         0.3844       3.1269e+09       2.5101e+10       11.6749      15.8174     
F563-V2          5.1550e+09     2.9860e+09     2.1690e+09     3.9472e+09         0.5495       6.9332e+09       4.8259e+10       9.3616       12.2261     
F565-V2          1.2580e+09     5.5900e+08     6.9900e+08     2.1392e+09         0.3268       2.6982e+09       2.5147e+10       19.9899      11.7556     
F567-2           4.5830e+09     2.1340e+09     2.4490e+09     3.3834e+09         0.7238       5.5174e+09       4.6162e+10       10.0723      13.6435     
F568-1           1.0750e+10     6.2520e+09     4.4980e+09     1.2796e+10         0.3515       1.9048e+10       1.3391e+11       12.4567      10.4652     
F568-3           1.1541e+10     8.3460e+09     3.1950e+09     1.0466e+10         0.3053       1.8812e+10       1.6663e+11       14.4380      15.9213     
F568-V1          6.3160e+09     3.8250e+09     2.4910e+09     8.3959e+09         0.2967       1.2221e+10       1.1566e+11       18.3121      13.7756     
F571-8           1.1946e+10     1.0164e+10     1.7820e+09     4.9331e+09         0.3612       1.5097e+10       1.0621e+11       8.8912       21.5311     
F571-V1          3.0660e+09     1.8490e+09     1.2170e+09     3.3927e+09         0.3587       5.2417e+09       5.2019e+10       16.9663      15.3326     
F574-1           1.0061e+10     6.5370e+09     3.5240e+09     5.6589e+09         0.6227       1.2196e+10       9.1890e+10       9.1333       16.2383     
F574-2           4.5780e+09     2.8770e+09     1.7010e+09     4.0261e+09         0.4225       6.9031e+09       5.7113e+10       12.4755      14.1858     
F579-V1          1.4093e+10     1.1848e+10     2.2450e+09     9.5682e+09         0.2346       2.1416e+10       1.3392e+11       9.5026       13.9963     
F583-1           3.1120e+09     9.8600e+08     2.1260e+09     5.3308e+09         0.3988       6.3168e+09       7.1593e+10       23.0053      13.4301     
F583-4           2.3560e+09     1.7150e+09     6.4100e+08     1.1166e+09         0.5741       2.8316e+09       1.8771e+10       7.9673       16.8115     
IC2574           2.0520e+09     1.0160e+09     1.0360e+09     2.2468e+09         0.4611       3.2628e+09       3.4637e+10       16.8798      15.4161     
IC4202           1.9208e+11     1.7975e+11     1.2326e+10     5.6014e+10         0.2201       2.3576e+11       7.6903e+11       4.0038       13.7293     
KK98-251         2.0000e+08     8.5000e+07     1.1500e+08     2.3217e+08         0.4953       3.1717e+08       2.3028e+09       11.5139      9.9186      
NGC0024          4.5650e+09     3.8890e+09     6.7600e+08     2.5045e+09         0.2699       6.3935e+09       3.7837e+10       8.2885       15.1077     
NGC0055          6.1930e+09     4.6280e+09     1.5650e+09     5.6323e+09         0.2779       1.0260e+10       8.6652e+10       13.9919      15.3849     
NGC0100          5.2220e+09     3.2320e+09     1.9900e+09     2.3325e+09         0.8532       5.5645e+09       3.6339e+10       6.9588       15.5793     
NGC0247          9.0780e+09     7.3320e+09     1.7460e+09     6.0189e+09         0.2901       1.3351e+10       9.7320e+10       10.7204      16.1692     
NGC0289          9.9534e+10     7.2065e+10     2.7469e+10     9.6408e+10         0.2849       1.6847e+11       1.9829e+12       19.9214      20.5673     
NGC0300          3.8580e+09     2.9220e+09     9.3600e+08     2.6062e+09         0.3591       5.5282e+09       4.1925e+10       10.8670      16.0866     
NGC0801          3.3577e+11     3.1257e+11     2.3201e+10     1.9532e+11         0.1188       5.0789e+11       3.3181e+12       9.8819       16.9876     
NGC0891          1.4280e+11     1.3834e+11     4.4620e+09     2.7763e+10         0.1607       1.6610e+11       3.2944e+11       2.3070       11.8661     
NGC1003          1.2700e+10     6.8200e+09     5.8800e+09     1.3598e+10         0.4324       2.0418e+10       2.1482e+11       16.9148      15.7972     
NGC1090          8.0828e+10     7.2045e+10     8.7830e+09     3.9391e+10         0.2230       1.1144e+11       5.9399e+11       7.3488       15.0792     
NGC1705          6.7200e+08     5.3300e+08     1.3900e+08     5.0746e+08         0.2739       1.0405e+09       5.9958e+09       8.9223       11.8153     
NGC2366          8.8300e+08     2.3600e+08     6.4700e+08     1.0275e+09         0.6297       1.2635e+09       9.1389e+09       10.3498      8.8944      
NGC2403          1.3240e+10     1.0041e+10     3.1990e+09     1.0964e+10         0.2918       2.1005e+10       1.3505e+11       10.1999      12.3168     
NGC2683          8.1821e+10     8.0415e+10     1.4060e+09     2.6015e+10         0.0540       1.0643e+11       4.9127e+11       6.0042       18.8840     
NGC2841          1.9790e+11     1.8812e+11     9.7750e+09     1.2175e+11         0.0803       3.0988e+11       1.9239e+12       9.7218       15.8015     
NGC2903          8.4415e+10     8.1863e+10     2.5520e+09     2.5073e+10         0.1018       1.0694e+11       3.8405e+11       4.5496       15.3177     
NGC2915          1.1490e+09     6.4100e+08     5.0800e+08     1.1459e+09         0.4433       1.7869e+09       1.5405e+10       13.4070      13.4434     
NGC2955          3.4837e+11     3.1942e+11     2.8949e+10     1.5426e+11         0.1877       4.7368e+11       2.3050e+12       6.6166       14.9427     
NGC2976          3.5430e+09     3.3710e+09     1.7200e+08     6.4797e+08         0.2654       4.0190e+09       4.2827e+09       1.2088       6.6094      
NGC2998          1.7435e+11     1.5090e+11     2.3451e+10     9.2781e+10         0.2528       2.4368e+11       1.4716e+12       8.4405       15.8613     
NGC3109          6.7100e+08     1.9400e+08     4.7700e+08     7.1320e+08         0.6688       9.0720e+08       9.9597e+09       14.8431      13.9649     
NGC3198          4.9148e+10     3.8279e+10     1.0869e+10     3.7520e+10         0.2897       7.5799e+10       6.6890e+11       13.6098      17.8277     
NGC3521          8.8990e+10     8.4836e+10     4.1540e+09     2.2453e+10         0.1850       1.0729e+11       2.7799e+11       3.1238       12.3811     
NGC3726          7.6707e+10     7.0234e+10     6.4730e+09     3.5327e+10         0.1832       1.0556e+11       5.7957e+11       7.5556       16.4060     
NGC3741          2.1000e+08     2.8000e+07     1.8200e+08     3.2963e+08         0.5521       3.5763e+08       3.6663e+09       17.4586      11.1224     
NGC3769          2.4208e+10     1.8679e+10     5.5290e+09     2.1162e+10         0.2613       3.9841e+10       4.2449e+11       17.5352      20.0595     
NGC3877          7.4018e+10     7.2535e+10     1.4830e+09     1.2536e+10         0.1183       8.5071e+10       1.4853e+11       2.0067       11.8484     
NGC3893          6.4324e+10     5.8525e+10     5.7990e+09     2.2822e+10         0.2541       8.1347e+10       2.7893e+11       4.3363       12.2220     
NGC3917          2.3854e+10     2.1966e+10     1.8880e+09     9.0449e+09         0.2087       3.1011e+10       1.3464e+11       5.6443       14.8857     
NGC3949          4.1438e+10     3.8067e+10     3.3710e+09     8.6770e+09         0.3885       4.6744e+10       7.5844e+10       1.8303       8.7408      
NGC3953          1.4413e+11     1.4130e+11     2.8320e+09     2.7720e+10         0.1022       1.6902e+11       3.5836e+11       2.4863       12.9278     
NGC3972          1.5567e+10     1.4353e+10     1.2140e+09     4.4092e+09         0.2753       1.8762e+10       5.4763e+10       3.5179       12.4202     
NGC3992          2.4353e+11     2.2693e+11     1.6599e+10     9.3583e+10         0.1774       3.2051e+11       1.6081e+12       6.6031       17.1833     
NGC4010          2.0025e+10     1.7193e+10     2.8320e+09     6.2402e+09         0.4538       2.3433e+10       8.1185e+10       4.0542       13.0101     
NGC4013          8.2061e+10     7.9094e+10     2.9670e+09     2.9622e+10         0.1002       1.0872e+11       5.4738e+11       6.6704       18.4789     
NGC4051          9.7965e+10     9.5268e+10     2.6970e+09     1.8823e+10         0.1433       1.1409e+11       2.2190e+11       2.2651       11.7887     
NGC4068          3.9000e+08     2.3600e+08     1.5400e+08     3.4758e+08         0.4431       5.8358e+08       2.1453e+09       5.5008       6.1722      
NGC4085          2.3073e+10     2.1724e+10     1.3490e+09     3.4742e+09         0.3883       2.5198e+10       3.6926e+10       1.6004       10.6286     
NGC4088          1.1551e+11     1.0729e+11     8.2260e+09     3.3792e+10         0.2434       1.4108e+11       4.0910e+11       3.5416       12.1064     
NGC4100          6.2496e+10     5.9394e+10     3.1020e+09     1.9761e+10         0.1570       7.9155e+10       2.9726e+11       4.7564       15.0428     
NGC4138          4.5594e+10     4.4111e+10     1.4830e+09     1.2292e+10         0.1206       5.6403e+10       1.8157e+11       3.9824       14.7717     
NGC4157          1.1385e+11     1.0562e+11     8.2260e+09     3.8449e+10         0.2139       1.4407e+11       5.3673e+11       4.7145       13.9594     
NGC4183          1.4344e+10     1.0838e+10     3.5060e+09     1.1235e+10         0.3121       2.2073e+10       1.7574e+11       12.2516      15.6422     
NGC4214          1.6270e+09     1.1410e+09     4.8600e+08     6.5069e+08         0.7469       1.7917e+09       8.1406e+09       5.0035       12.5108     
NGC4217          8.7861e+10     8.5299e+10     2.5620e+09     2.0707e+10         0.1237       1.0601e+11       2.7488e+11       3.1285       13.2745     
NGC4389          2.1867e+10     2.1328e+10     5.3900e+08     3.0371e+09         0.1775       2.4365e+10       3.2683e+10       1.4946       10.7614     
NGC4559          2.5188e+10     1.9377e+10     5.8110e+09     1.7111e+10         0.3396       3.6488e+10       2.1307e+11       8.4593       12.4520     
NGC5005          1.8000e+11     1.7872e+11     1.2800e+09     2.7545e+10         0.0465       2.0626e+11       2.9273e+11       1.6263       10.6275     
NGC5033          1.2182e+11     1.1051e+11     1.1314e+10     6.2536e+10         0.1809       1.7305e+11       1.1586e+12       9.5108       18.5274     
NGC5055          1.6464e+11     1.5292e+11     1.1722e+10     6.9983e+10         0.1675       2.2291e+11       1.2880e+12       7.8229       18.4043     
NGC5371          3.5157e+11     3.4039e+11     1.1180e+10     1.2030e+11         0.0929       4.6069e+11       2.1319e+12       6.0640       17.7224     
NGC5585          4.6260e+09     2.9430e+09     1.6830e+09     3.5985e+09         0.4677       6.5415e+09       4.4230e+10       9.5612       12.2914     
NGC5907          1.9645e+11     1.7542e+11     2.1025e+10     1.1264e+11         0.1867       2.8806e+11       1.8055e+12       9.1906       16.0292     
NGC5985          2.2031e+11     2.0873e+11     1.1586e+10     7.7147e+10         0.1502       2.8588e+11       1.2872e+12       5.8424       16.6846     
NGC6015          3.7963e+10     3.2129e+10     5.8340e+09     2.2142e+10         0.2635       5.4271e+10       3.3942e+11       8.9409       15.3292     
NGC6195          4.1198e+11     3.9108e+11     2.0907e+10     1.4839e+11         0.1409       5.3947e+11       2.2775e+12       5.5282       15.3481     
NGC6503          1.4589e+10     1.2845e+10     1.7440e+09     8.9385e+09         0.1951       2.1784e+10       1.6826e+11       11.5333      18.8241     
NGC6674          2.4682e+11     2.1465e+11     3.2165e+10     1.2618e+11         0.2549       3.4083e+11       2.6846e+12       10.8768      21.2759     
NGC6789          1.1700e+08     1.0000e+08     1.7000e+07     3.2926e+07         0.5163       1.3293e+08       1.7353e+08       1.4831       5.2701      
NGC6946          7.1843e+10     6.6173e+10     5.6700e+09     2.2747e+10         0.2493       8.8920e+10       3.0792e+11       4.2860       13.5370     
NGC7331          2.6170e+11     2.5063e+11     1.1067e+10     8.2264e+10         0.1345       3.3289e+11       1.2622e+12       4.8233       15.3439     
NGC7793          7.9110e+09     7.0500e+09     8.6100e+08     2.9544e+09         0.2914       1.0004e+10       3.1398e+10       3.9689       10.6276     
NGC7814          7.5599e+10     7.4529e+10     1.0700e+09     1.8146e+10         0.0590       9.2675e+10       2.8124e+11       3.7201       15.4989     
PGC51017         3.5600e+08     1.5500e+08     2.0100e+08     2.5413e+08         0.7909       4.0913e+08       2.7602e+09       7.7535       10.8617     
UGC00128         1.9451e+10     1.2020e+10     7.4310e+09     2.8618e+10         0.2597       4.0638e+10       7.0493e+11       36.2415      24.6329     
UGC00191         3.3470e+09     2.0040e+09     1.3430e+09     3.4923e+09         0.3846       5.4963e+09       3.7202e+10       11.1149      10.6523     
UGC00634         6.6520e+09     2.9890e+09     3.6630e+09     7.4295e+09         0.4930       1.0419e+10       1.0227e+11       15.3750      13.7660     
UGC00731         2.1300e+09     3.2300e+08     1.8070e+09     3.5202e+09         0.5133       3.8432e+09       4.0645e+10       19.0824      11.5464     
UGC00891         8.0200e+08     3.7400e+08     4.2800e+08     9.3651e+08         0.4570       1.3105e+09       1.1906e+10       14.8452      12.7130     
UGC01230         1.4050e+10     7.6200e+09     6.4300e+09     2.2480e+10         0.2860       3.0100e+10       4.0176e+11       28.5951      17.8723     
UGC01281         6.4700e+08     3.5300e+08     2.9400e+08     6.6483e+08         0.4422       1.0178e+09       7.6604e+09       11.8399      11.5224     
UGC02023         1.7850e+09     1.3080e+09     4.7700e+08     7.5544e+08         0.6314       2.0634e+09       7.4651e+09       4.1821       9.8818      
UGC02259         2.2190e+09     1.7250e+09     4.9400e+08     1.7253e+09         0.2863       3.4503e+09       2.2117e+10       9.9669       12.8187     
UGC02455         4.4520e+09     3.6490e+09     8.0300e+08     1.4660e+09         0.5477       5.1150e+09       1.1255e+10       2.5282       7.6773      
UGC02487         5.0792e+11     4.8996e+11     1.7963e+10     2.1178e+11         0.0848       7.0174e+11       4.5281e+12       8.9151       21.3810     
UGC02885         4.4360e+11     4.0352e+11     4.0075e+10     2.7272e+11         0.1469       6.7624e+11       5.0573e+12       11.4005      18.5438     
UGC02916         1.4743e+11     1.2415e+11     2.3273e+10     8.4393e+10         0.2758       2.0855e+11       1.2234e+12       8.2984       14.4964     
UGC02953         2.6720e+11     2.5952e+11     7.6780e+09     9.3951e+10         0.0817       3.5347e+11       1.8544e+12       6.9403       19.7381     
UGC03205         1.2332e+11     1.1364e+11     9.6770e+09     5.1957e+10         0.1863       1.6560e+11       8.4974e+11       6.8906       16.3547     
UGC03546         1.0401e+11     1.0134e+11     2.6750e+09     3.3475e+10         0.0799       1.3481e+11       5.8672e+11       5.6410       17.5272     
UGC03580         1.7636e+10     1.3266e+10     4.3700e+09     1.4302e+10         0.3056       2.7568e+10       2.3625e+11       13.3961      16.5193     
UGC04278         2.4230e+09     1.3070e+09     1.1160e+09     1.9016e+09         0.5869       3.2086e+09       2.0957e+10       8.6493       11.0206     
UGC04305         1.4260e+09     7.3600e+08     6.9000e+08     1.1076e+09         0.6230       1.8436e+09       1.1082e+10       7.7715       10.0054     
UGC04325         2.7040e+09     2.0260e+09     6.7800e+08     1.6577e+09         0.4090       3.6837e+09       1.6351e+10       6.0469       9.8634      
UGC04483         4.5000e+07     1.3000e+07     3.2000e+07     4.4916e+07         0.7124       5.7916e+07       2.5870e+08       5.7488       5.7596      
UGC04499         2.6520e+09     1.5520e+09     1.1000e+09     2.7098e+09         0.4059       4.2618e+09       2.7989e+10       10.5541      10.3289     
UGC05005         7.1930e+09     4.1000e+09     3.0930e+09     1.6297e+10         0.1898       2.0397e+10       2.4089e+11       33.4893      14.7810     
UGC05253         1.8798e+11     1.7158e+11     1.6396e+10     1.0076e+11         0.1627       2.7234e+11       2.0483e+12       10.8963      20.3285     
UGC05414         1.6970e+09     1.1230e+09     5.7400e+08     8.6148e+08         0.6663       1.9845e+09       8.2233e+09       4.8458       9.5456      
UGC05716         1.6820e+09     5.8800e+08     1.0940e+09     2.4970e+09         0.4381       3.0850e+09       3.1344e+10       18.6352      12.5526     
UGC05721         1.0930e+09     5.3100e+08     5.6200e+08     1.0995e+09         0.5112       1.6305e+09       9.4698e+09       8.6640       8.6131      
UGC05750         4.4350e+09     3.3360e+09     1.0990e+09     1.6700e+10         0.0658       2.0036e+10       1.9052e+11       42.9590      11.4088     
UGC05764         2.4800e+08     8.5000e+07     1.6300e+08     3.2325e+08         0.5043       4.0825e+08       3.0495e+09       12.2964      9.4339      
UGC05829         1.5870e+09     5.6400e+08     1.0230e+09     2.0828e+09         0.4912       2.6468e+09       1.9985e+10       12.5929      9.5953      
UGC05918         5.3000e+08     2.3300e+08     2.9700e+08     4.5683e+08         0.6501       6.8983e+08       5.8262e+09       10.9928      12.7535     
UGC05986         7.3620e+09     4.6950e+09     2.6670e+09     3.6720e+09         0.7263       8.3670e+09       4.4827e+10       6.0890       12.2079     
UGC05999         5.4060e+09     3.3840e+09     2.0220e+09     1.4110e+10         0.1433       1.7494e+10       1.3434e+11       24.8495      9.5205      
UGC06399         2.9700e+09     2.2960e+09     6.7400e+08     2.1181e+09         0.3182       4.4141e+09       2.6510e+10       8.9258       12.5160     
UGC06446         2.3670e+09     9.8800e+08     1.3790e+09     3.2633e+09         0.4226       4.2513e+09       3.4700e+10       14.6598      10.6334     
UGC06614         1.4624e+11     1.2435e+11     2.1888e+10     1.1867e+11         0.1844       2.4302e+11       2.0736e+12       14.1797      17.4733     
UGC06628         5.2390e+09     3.7390e+09     1.5000e+09     3.4996e+09         0.4286       7.2386e+09       3.7526e+10       7.1629       10.7229     
UGC06667         2.2060e+09     1.3970e+09     8.0900e+08     1.6347e+09         0.4949       3.0317e+09       2.5842e+10       11.7144      15.8082     
UGC06786         7.8437e+10     7.3407e+10     5.0300e+09     3.2496e+10         0.1548       1.0590e+11       6.1047e+11       7.7829       18.7858     
UGC06787         1.0329e+11     9.8256e+10     5.0300e+09     4.4818e+10         0.1122       1.4307e+11       8.8398e+11       8.5586       19.7237     
UGC06818         2.6670e+09     1.5880e+09     1.0790e+09     1.4262e+09         0.7565       3.0142e+09       1.8662e+10       6.9972       13.0846     
UGC06917         8.8550e+09     6.8320e+09     2.0230e+09     5.8090e+09         0.3483       1.2641e+10       6.7892e+10       7.6671       11.6873     
UGC06923         3.6990e+09     2.8900e+09     8.0900e+08     1.8706e+09         0.4325       4.7606e+09       1.6183e+10       4.3750       8.6514      
UGC06930         1.2169e+10     8.9320e+09     3.2370e+09     9.4332e+09         0.3431       1.8365e+10       1.4026e+11       11.5258      14.8685     
UGC06973         5.5623e+10     5.3870e+10     1.7530e+09     6.8468e+09         0.2560       6.0717e+10       6.4701e+10       1.1632       9.4499      
UGC06983         8.2650e+09     5.2980e+09     2.9670e+09     7.7694e+09         0.3819       1.3067e+10       1.0914e+11       13.2053      14.0476     
UGC07089         4.7990e+09     3.5850e+09     1.2140e+09     2.5027e+09         0.4851       6.0877e+09       3.6568e+10       7.6200       14.6114     
UGC07125         7.3410e+09     2.7120e+09     4.6290e+09     7.2628e+09         0.6374       9.9748e+09       1.1934e+11       16.2566      16.4316     
UGC07151         2.9000e+09     2.2840e+09     6.1600e+08     1.5994e+09         0.3852       3.8834e+09       1.5148e+10       5.2233       9.4710      
UGC07232         1.5900e+08     1.1300e+08     4.6000e+07     5.5843e+07         0.8237       1.6884e+08       2.7057e+08       1.7017       4.8451      
UGC07261         3.1410e+09     1.7530e+09     1.3880e+09     2.4338e+09         0.5703       4.1868e+09       2.1758e+10       6.9271       8.9400      
UGC07323         4.8310e+09     4.1090e+09     7.2200e+08     1.9600e+09         0.3684       6.0690e+09       2.1490e+10       4.4484       10.9647     
UGC07399         1.9010e+09     1.1560e+09     7.4500e+08     1.3606e+09         0.5476       2.5166e+09       1.5139e+10       7.9637       11.1268     
UGC07524         4.2150e+09     2.4360e+09     1.7790e+09     3.6790e+09         0.4836       6.1150e+09       5.1650e+10       12.2538      14.0391     
UGC07559         2.7800e+08     1.0900e+08     1.6900e+08     2.4902e+08         0.6787       3.5802e+08       1.9130e+09       6.8815       7.6823      
UGC07577         8.9000e+07     4.5000e+07     4.4000e+07     5.3252e+07         0.8263       9.8252e+07       5.9771e+08       6.7158       11.2242     
UGC07603         6.3400e+08     3.7600e+08     2.5800e+08     4.2995e+08         0.6001       8.0595e+08       4.2708e+09       6.7363       9.9332      
UGC07608         7.9900e+08     2.6400e+08     5.3500e+08     9.4896e+08         0.5638       1.2130e+09       8.7242e+09       10.9189      9.1935      
UGC07690         1.2480e+09     8.5800e+08     3.9000e+08     6.8650e+08         0.5681       1.5445e+09       5.8977e+09       4.7257       8.5910      
UGC07866         2.4200e+08     1.2400e+08     1.1800e+08     1.7330e+08         0.6809       2.9730e+08       1.4922e+09       6.1660       8.6104      
UGC08286         1.8970e+09     1.2550e+09     6.4200e+08     1.6547e+09         0.3880       2.9097e+09       1.9195e+10       10.1186      11.6005     
UGC08490         1.7370e+09     1.0170e+09     7.2000e+08     1.6881e+09         0.4265       2.7051e+09       2.0235e+10       11.6495      11.9866     
UGC08550         5.7700e+08     2.8900e+08     2.8800e+08     7.1565e+08         0.4024       1.0046e+09       6.2916e+09       10.9040      8.7915      
UGC08699         5.4040e+10     5.0302e+10     3.7380e+09     2.2363e+10         0.1672       7.2665e+10       3.6875e+11       6.8236       16.4891     
UGC08837         8.2100e+08     5.0100e+08     3.2000e+08     7.7656e+08         0.4121       1.2776e+09       7.2943e+09       8.8846       9.3931      
UGC09037         8.7692e+10     6.8614e+10     1.9078e+10     4.7304e+10         0.4033       1.1592e+11       6.2629e+11       7.1419       13.2395     
UGC09133         3.1635e+11     2.8293e+11     3.3428e+10     2.0602e+11         0.1623       4.8895e+11       4.8243e+12       15.2496      23.4166     
UGC09992         6.5400e+08     3.3600e+08     3.1800e+08     4.2785e+08         0.7433       7.6385e+08       4.6202e+09       7.0645       10.7987     
UGC10310         2.9370e+09     1.7410e+09     1.1960e+09     2.2796e+09         0.5247       4.0206e+09       2.5514e+10       8.6870       11.1923     
UGC11455         3.8766e+11     3.7432e+11     1.3335e+10     1.1387e+11         0.1171       4.8820e+11       1.8458e+12       4.7614       16.2092     
UGC11557         1.4706e+10     1.2101e+10     2.6050e+09     5.2765e+09         0.4937       1.7377e+10       7.1202e+10       4.8417       13.4942     
UGC11820         2.9470e+09     9.7000e+08     1.9770e+09     5.9753e+09         0.3309       6.9453e+09       7.2234e+10       24.5110      12.0887     
UGC11914         1.5092e+11     1.5003e+11     8.8800e+08     1.5738e+10         0.0564       1.6577e+11       1.6046e+11       1.0633       10.1957     
UGC12506         1.7513e+11     1.3957e+11     3.5556e+10     1.3205e+11         0.2693       2.7162e+11       2.0430e+12       11.6660      15.4715     
UGC12632         3.0450e+09     1.3010e+09     1.7440e+09     3.2093e+09         0.5434       4.5103e+09       4.2778e+10       14.0485      13.3292     
UGC12732         5.3270e+09     1.6670e+09     3.6600e+09     7.7247e+09         0.4738       9.3917e+09       8.8678e+10       16.6468      11.4798     
UGCA281          2.5600e+08     1.9400e+08     6.2000e+07     4.9595e+07         1.2501       2.4359e+08       4.6073e+08       1.7997       9.2898      
UGCA442          4.0300e+08     1.4000e+08     2.6300e+08     5.7863e+08         0.4545       7.1863e+08       6.8701e+09       17.0475      11.8731     
UGCA444          7.9000e+07     1.2000e+07     6.7000e+07     1.1748e+08         0.5703       1.2948e+08       1.0604e+09       13.4228      9.0259      
========================================================================================================

